   0: # nThread 1 nGpus 1 minBytes 8 maxBytes 4294967296 step: 2(factor) warmup iters: 8 iters: 24 agg iters: 1 validation: 1 graph: 0
   0: #
   0: # Using devices
   0: #  Rank  0 Group  0 Pid  95044 on  nid006569 device  0 [0009:01:00] NVIDIA GH200 120GB
   0: #  Rank  1 Group  0 Pid  95045 on  nid006569 device  0 [0019:01:00] NVIDIA GH200 120GB
   0: #  Rank  2 Group  0 Pid  95046 on  nid006569 device  0 [0029:01:00] NVIDIA GH200 120GB
   0: #  Rank  3 Group  0 Pid  95047 on  nid006569 device  0 [0039:01:00] NVIDIA GH200 120GB
   0: #  Rank  4 Group  0 Pid 102886 on  nid006570 device  0 [0009:01:00] NVIDIA GH200 120GB
   0: #  Rank  5 Group  0 Pid 102887 on  nid006570 device  0 [0019:01:00] NVIDIA GH200 120GB
   0: #  Rank  6 Group  0 Pid 102888 on  nid006570 device  0 [0029:01:00] NVIDIA GH200 120GB
   0: #  Rank  7 Group  0 Pid 102889 on  nid006570 device  0 [0039:01:00] NVIDIA GH200 120GB
   0: #  Rank  8 Group  0 Pid 193732 on  nid006576 device  0 [0009:01:00] NVIDIA GH200 120GB
   0: #  Rank  9 Group  0 Pid 193733 on  nid006576 device  0 [0019:01:00] NVIDIA GH200 120GB
   0: #  Rank 10 Group  0 Pid 193734 on  nid006576 device  0 [0029:01:00] NVIDIA GH200 120GB
   0: #  Rank 11 Group  0 Pid 193735 on  nid006576 device  0 [0039:01:00] NVIDIA GH200 120GB
   0: #  Rank 12 Group  0 Pid 180612 on  nid006577 device  0 [0009:01:00] NVIDIA GH200 120GB
   0: #  Rank 13 Group  0 Pid 180613 on  nid006577 device  0 [0019:01:00] NVIDIA GH200 120GB
   0: #  Rank 14 Group  0 Pid 180614 on  nid006577 device  0 [0029:01:00] NVIDIA GH200 120GB
   0: #  Rank 15 Group  0 Pid 180615 on  nid006577 device  0 [0039:01:00] NVIDIA GH200 120GB
   0: #  Rank 16 Group  0 Pid 196040 on  nid006578 device  0 [0009:01:00] NVIDIA GH200 120GB
   0: #  Rank 17 Group  0 Pid 196041 on  nid006578 device  0 [0019:01:00] NVIDIA GH200 120GB
   0: #  Rank 18 Group  0 Pid 196042 on  nid006578 device  0 [0029:01:00] NVIDIA GH200 120GB
   0: #  Rank 19 Group  0 Pid 196043 on  nid006578 device  0 [0039:01:00] NVIDIA GH200 120GB
   0: #  Rank 20 Group  0 Pid 138016 on  nid006579 device  0 [0009:01:00] NVIDIA GH200 120GB
   0: #  Rank 21 Group  0 Pid 138017 on  nid006579 device  0 [0019:01:00] NVIDIA GH200 120GB
   0: #  Rank 22 Group  0 Pid 138018 on  nid006579 device  0 [0029:01:00] NVIDIA GH200 120GB
   0: #  Rank 23 Group  0 Pid 138019 on  nid006579 device  0 [0039:01:00] NVIDIA GH200 120GB
   0: #  Rank 24 Group  0 Pid 187371 on  nid006580 device  0 [0009:01:00] NVIDIA GH200 120GB
   0: #  Rank 25 Group  0 Pid 187372 on  nid006580 device  0 [0019:01:00] NVIDIA GH200 120GB
   0: #  Rank 26 Group  0 Pid 187373 on  nid006580 device  0 [0029:01:00] NVIDIA GH200 120GB
   0: #  Rank 27 Group  0 Pid 187374 on  nid006580 device  0 [0039:01:00] NVIDIA GH200 120GB
   0: #  Rank 28 Group  0 Pid 160260 on  nid006581 device  0 [0009:01:00] NVIDIA GH200 120GB
   0: #  Rank 29 Group  0 Pid 160261 on  nid006581 device  0 [0019:01:00] NVIDIA GH200 120GB
   0: #  Rank 30 Group  0 Pid 160262 on  nid006581 device  0 [0029:01:00] NVIDIA GH200 120GB
   0: #  Rank 31 Group  0 Pid 160263 on  nid006581 device  0 [0039:01:00] NVIDIA GH200 120GB
   0: #  Rank 32 Group  0 Pid 162355 on  nid006583 device  0 [0009:01:00] NVIDIA GH200 120GB
   0: #  Rank 33 Group  0 Pid 162356 on  nid006583 device  0 [0019:01:00] NVIDIA GH200 120GB
   0: #  Rank 34 Group  0 Pid 162357 on  nid006583 device  0 [0029:01:00] NVIDIA GH200 120GB
   0: #  Rank 35 Group  0 Pid 162358 on  nid006583 device  0 [0039:01:00] NVIDIA GH200 120GB
   0: #  Rank 36 Group  0 Pid 115149 on  nid006585 device  0 [0009:01:00] NVIDIA GH200 120GB
   0: #  Rank 37 Group  0 Pid 115150 on  nid006585 device  0 [0019:01:00] NVIDIA GH200 120GB
   0: #  Rank 38 Group  0 Pid 115151 on  nid006585 device  0 [0029:01:00] NVIDIA GH200 120GB
   0: #  Rank 39 Group  0 Pid 115152 on  nid006585 device  0 [0039:01:00] NVIDIA GH200 120GB
   0: #  Rank 40 Group  0 Pid  99558 on  nid006587 device  0 [0009:01:00] NVIDIA GH200 120GB
   0: #  Rank 41 Group  0 Pid  99559 on  nid006587 device  0 [0019:01:00] NVIDIA GH200 120GB
   0: #  Rank 42 Group  0 Pid  99560 on  nid006587 device  0 [0029:01:00] NVIDIA GH200 120GB
   0: #  Rank 43 Group  0 Pid  99561 on  nid006587 device  0 [0039:01:00] NVIDIA GH200 120GB
   0: #  Rank 44 Group  0 Pid  87906 on  nid006589 device  0 [0009:01:00] NVIDIA GH200 120GB
   0: #  Rank 45 Group  0 Pid  87907 on  nid006589 device  0 [0019:01:00] NVIDIA GH200 120GB
   0: #  Rank 46 Group  0 Pid  87908 on  nid006589 device  0 [0029:01:00] NVIDIA GH200 120GB
   0: #  Rank 47 Group  0 Pid  87909 on  nid006589 device  0 [0039:01:00] NVIDIA GH200 120GB
   0: #  Rank 48 Group  0 Pid 119567 on  nid006591 device  0 [0009:01:00] NVIDIA GH200 120GB
   0: #  Rank 49 Group  0 Pid 119568 on  nid006591 device  0 [0019:01:00] NVIDIA GH200 120GB
   0: #  Rank 50 Group  0 Pid 119569 on  nid006591 device  0 [0029:01:00] NVIDIA GH200 120GB
   0: #  Rank 51 Group  0 Pid 119570 on  nid006591 device  0 [0039:01:00] NVIDIA GH200 120GB
   0: #  Rank 52 Group  0 Pid 198331 on  nid006595 device  0 [0009:01:00] NVIDIA GH200 120GB
   0: #  Rank 53 Group  0 Pid 198332 on  nid006595 device  0 [0019:01:00] NVIDIA GH200 120GB
   0: #  Rank 54 Group  0 Pid 198333 on  nid006595 device  0 [0029:01:00] NVIDIA GH200 120GB
   0: #  Rank 55 Group  0 Pid 198334 on  nid006595 device  0 [0039:01:00] NVIDIA GH200 120GB
   0: #  Rank 56 Group  0 Pid 174976 on  nid006596 device  0 [0009:01:00] NVIDIA GH200 120GB
   0: #  Rank 57 Group  0 Pid 174977 on  nid006596 device  0 [0019:01:00] NVIDIA GH200 120GB
   0: #  Rank 58 Group  0 Pid 174978 on  nid006596 device  0 [0029:01:00] NVIDIA GH200 120GB
   0: #  Rank 59 Group  0 Pid 174979 on  nid006596 device  0 [0039:01:00] NVIDIA GH200 120GB
   0: #  Rank 60 Group  0 Pid 161918 on  nid006597 device  0 [0009:01:00] NVIDIA GH200 120GB
   0: #  Rank 61 Group  0 Pid 161919 on  nid006597 device  0 [0019:01:00] NVIDIA GH200 120GB
   0: #  Rank 62 Group  0 Pid 161920 on  nid006597 device  0 [0029:01:00] NVIDIA GH200 120GB
   0: #  Rank 63 Group  0 Pid 161921 on  nid006597 device  0 [0039:01:00] NVIDIA GH200 120GB
   0: #  Rank 64 Group  0 Pid 164596 on  nid006598 device  0 [0009:01:00] NVIDIA GH200 120GB
   0: #  Rank 65 Group  0 Pid 164597 on  nid006598 device  0 [0019:01:00] NVIDIA GH200 120GB
   0: #  Rank 66 Group  0 Pid 164598 on  nid006598 device  0 [0029:01:00] NVIDIA GH200 120GB
   0: #  Rank 67 Group  0 Pid 164599 on  nid006598 device  0 [0039:01:00] NVIDIA GH200 120GB
   0: #  Rank 68 Group  0 Pid 202523 on  nid006599 device  0 [0009:01:00] NVIDIA GH200 120GB
   0: #  Rank 69 Group  0 Pid 202524 on  nid006599 device  0 [0019:01:00] NVIDIA GH200 120GB
   0: #  Rank 70 Group  0 Pid 202525 on  nid006599 device  0 [0029:01:00] NVIDIA GH200 120GB
   0: #  Rank 71 Group  0 Pid 202526 on  nid006599 device  0 [0039:01:00] NVIDIA GH200 120GB
   0: #  Rank 72 Group  0 Pid 201317 on  nid006600 device  0 [0009:01:00] NVIDIA GH200 120GB
   0: #  Rank 73 Group  0 Pid 201318 on  nid006600 device  0 [0019:01:00] NVIDIA GH200 120GB
   0: #  Rank 74 Group  0 Pid 201319 on  nid006600 device  0 [0029:01:00] NVIDIA GH200 120GB
   0: #  Rank 75 Group  0 Pid 201320 on  nid006600 device  0 [0039:01:00] NVIDIA GH200 120GB
   0: #  Rank 76 Group  0 Pid 198325 on  nid006601 device  0 [0009:01:00] NVIDIA GH200 120GB
   0: #  Rank 77 Group  0 Pid 198326 on  nid006601 device  0 [0019:01:00] NVIDIA GH200 120GB
   0: #  Rank 78 Group  0 Pid 198327 on  nid006601 device  0 [0029:01:00] NVIDIA GH200 120GB
   0: #  Rank 79 Group  0 Pid 198328 on  nid006601 device  0 [0039:01:00] NVIDIA GH200 120GB
   0: #  Rank 80 Group  0 Pid 163171 on  nid006602 device  0 [0009:01:00] NVIDIA GH200 120GB
   0: #  Rank 81 Group  0 Pid 163172 on  nid006602 device  0 [0019:01:00] NVIDIA GH200 120GB
   0: #  Rank 82 Group  0 Pid 163173 on  nid006602 device  0 [0029:01:00] NVIDIA GH200 120GB
   0: #  Rank 83 Group  0 Pid 163174 on  nid006602 device  0 [0039:01:00] NVIDIA GH200 120GB
   0: #  Rank 84 Group  0 Pid 171142 on  nid006603 device  0 [0009:01:00] NVIDIA GH200 120GB
   0: #  Rank 85 Group  0 Pid 171143 on  nid006603 device  0 [0019:01:00] NVIDIA GH200 120GB
   0: #  Rank 86 Group  0 Pid 171144 on  nid006603 device  0 [0029:01:00] NVIDIA GH200 120GB
   0: #  Rank 87 Group  0 Pid 171145 on  nid006603 device  0 [0039:01:00] NVIDIA GH200 120GB
   0: #  Rank 88 Group  0 Pid 178583 on  nid006604 device  0 [0009:01:00] NVIDIA GH200 120GB
   0: #  Rank 89 Group  0 Pid 178584 on  nid006604 device  0 [0019:01:00] NVIDIA GH200 120GB
   0: #  Rank 90 Group  0 Pid 178585 on  nid006604 device  0 [0029:01:00] NVIDIA GH200 120GB
   0: #  Rank 91 Group  0 Pid 178586 on  nid006604 device  0 [0039:01:00] NVIDIA GH200 120GB
   0: #  Rank 92 Group  0 Pid 193796 on  nid006605 device  0 [0009:01:00] NVIDIA GH200 120GB
   0: #  Rank 93 Group  0 Pid 193797 on  nid006605 device  0 [0019:01:00] NVIDIA GH200 120GB
   0: #  Rank 94 Group  0 Pid 193798 on  nid006605 device  0 [0029:01:00] NVIDIA GH200 120GB
   0: #  Rank 95 Group  0 Pid 193799 on  nid006605 device  0 [0039:01:00] NVIDIA GH200 120GB
   0: #  Rank 96 Group  0 Pid 180967 on  nid006606 device  0 [0009:01:00] NVIDIA GH200 120GB
   0: #  Rank 97 Group  0 Pid 180968 on  nid006606 device  0 [0019:01:00] NVIDIA GH200 120GB
   0: #  Rank 98 Group  0 Pid 180969 on  nid006606 device  0 [0029:01:00] NVIDIA GH200 120GB
   0: #  Rank 99 Group  0 Pid 180970 on  nid006606 device  0 [0039:01:00] NVIDIA GH200 120GB
   0: #  Rank 100 Group  0 Pid 170960 on  nid006607 device  0 [0009:01:00] NVIDIA GH200 120GB
   0: #  Rank 101 Group  0 Pid 170961 on  nid006607 device  0 [0019:01:00] NVIDIA GH200 120GB
   0: #  Rank 102 Group  0 Pid 170962 on  nid006607 device  0 [0029:01:00] NVIDIA GH200 120GB
   0: #  Rank 103 Group  0 Pid 170963 on  nid006607 device  0 [0039:01:00] NVIDIA GH200 120GB
   0: #  Rank 104 Group  0 Pid 176887 on  nid006608 device  0 [0009:01:00] NVIDIA GH200 120GB
   0: #  Rank 105 Group  0 Pid 176888 on  nid006608 device  0 [0019:01:00] NVIDIA GH200 120GB
   0: #  Rank 106 Group  0 Pid 176889 on  nid006608 device  0 [0029:01:00] NVIDIA GH200 120GB
   0: #  Rank 107 Group  0 Pid 176890 on  nid006608 device  0 [0039:01:00] NVIDIA GH200 120GB
   0: #  Rank 108 Group  0 Pid 202131 on  nid006609 device  0 [0009:01:00] NVIDIA GH200 120GB
   0: #  Rank 109 Group  0 Pid 202132 on  nid006609 device  0 [0019:01:00] NVIDIA GH200 120GB
   0: #  Rank 110 Group  0 Pid 202133 on  nid006609 device  0 [0029:01:00] NVIDIA GH200 120GB
   0: #  Rank 111 Group  0 Pid 202134 on  nid006609 device  0 [0039:01:00] NVIDIA GH200 120GB
   0: #  Rank 112 Group  0 Pid 190747 on  nid006610 device  0 [0009:01:00] NVIDIA GH200 120GB
   0: #  Rank 113 Group  0 Pid 190748 on  nid006610 device  0 [0019:01:00] NVIDIA GH200 120GB
   0: #  Rank 114 Group  0 Pid 190749 on  nid006610 device  0 [0029:01:00] NVIDIA GH200 120GB
   0: #  Rank 115 Group  0 Pid 190750 on  nid006610 device  0 [0039:01:00] NVIDIA GH200 120GB
   0: #  Rank 116 Group  0 Pid 193977 on  nid006611 device  0 [0009:01:00] NVIDIA GH200 120GB
   0: #  Rank 117 Group  0 Pid 193978 on  nid006611 device  0 [0019:01:00] NVIDIA GH200 120GB
   0: #  Rank 118 Group  0 Pid 193979 on  nid006611 device  0 [0029:01:00] NVIDIA GH200 120GB
   0: #  Rank 119 Group  0 Pid 193980 on  nid006611 device  0 [0039:01:00] NVIDIA GH200 120GB
   0: #  Rank 120 Group  0 Pid 196821 on  nid006612 device  0 [0009:01:00] NVIDIA GH200 120GB
   0: #  Rank 121 Group  0 Pid 196822 on  nid006612 device  0 [0019:01:00] NVIDIA GH200 120GB
   0: #  Rank 122 Group  0 Pid 196823 on  nid006612 device  0 [0029:01:00] NVIDIA GH200 120GB
   0: #  Rank 123 Group  0 Pid 196824 on  nid006612 device  0 [0039:01:00] NVIDIA GH200 120GB
   0: #  Rank 124 Group  0 Pid 196132 on  nid006613 device  0 [0009:01:00] NVIDIA GH200 120GB
   0: #  Rank 125 Group  0 Pid 196133 on  nid006613 device  0 [0019:01:00] NVIDIA GH200 120GB
   0: #  Rank 126 Group  0 Pid 196134 on  nid006613 device  0 [0029:01:00] NVIDIA GH200 120GB
   0: #  Rank 127 Group  0 Pid 196135 on  nid006613 device  0 [0039:01:00] NVIDIA GH200 120GB
   0: #  Rank 128 Group  0 Pid 189116 on  nid006614 device  0 [0009:01:00] NVIDIA GH200 120GB
   0: #  Rank 129 Group  0 Pid 189117 on  nid006614 device  0 [0019:01:00] NVIDIA GH200 120GB
   0: #  Rank 130 Group  0 Pid 189118 on  nid006614 device  0 [0029:01:00] NVIDIA GH200 120GB
   0: #  Rank 131 Group  0 Pid 189119 on  nid006614 device  0 [0039:01:00] NVIDIA GH200 120GB
   0: #  Rank 132 Group  0 Pid 193614 on  nid006615 device  0 [0009:01:00] NVIDIA GH200 120GB
   0: #  Rank 133 Group  0 Pid 193615 on  nid006615 device  0 [0019:01:00] NVIDIA GH200 120GB
   0: #  Rank 134 Group  0 Pid 193616 on  nid006615 device  0 [0029:01:00] NVIDIA GH200 120GB
   0: #  Rank 135 Group  0 Pid 193617 on  nid006615 device  0 [0039:01:00] NVIDIA GH200 120GB
   0: #  Rank 136 Group  0 Pid 168495 on  nid006616 device  0 [0009:01:00] NVIDIA GH200 120GB
   0: #  Rank 137 Group  0 Pid 168496 on  nid006616 device  0 [0019:01:00] NVIDIA GH200 120GB
   0: #  Rank 138 Group  0 Pid 168497 on  nid006616 device  0 [0029:01:00] NVIDIA GH200 120GB
   0: #  Rank 139 Group  0 Pid 168498 on  nid006616 device  0 [0039:01:00] NVIDIA GH200 120GB
   0: #  Rank 140 Group  0 Pid 170835 on  nid006617 device  0 [0009:01:00] NVIDIA GH200 120GB
   0: #  Rank 141 Group  0 Pid 170836 on  nid006617 device  0 [0019:01:00] NVIDIA GH200 120GB
   0: #  Rank 142 Group  0 Pid 170837 on  nid006617 device  0 [0029:01:00] NVIDIA GH200 120GB
   0: #  Rank 143 Group  0 Pid 170838 on  nid006617 device  0 [0039:01:00] NVIDIA GH200 120GB
   0: #  Rank 144 Group  0 Pid 190387 on  nid006618 device  0 [0009:01:00] NVIDIA GH200 120GB
   0: #  Rank 145 Group  0 Pid 190388 on  nid006618 device  0 [0019:01:00] NVIDIA GH200 120GB
   0: #  Rank 146 Group  0 Pid 190389 on  nid006618 device  0 [0029:01:00] NVIDIA GH200 120GB
   0: #  Rank 147 Group  0 Pid 190390 on  nid006618 device  0 [0039:01:00] NVIDIA GH200 120GB
   0: #  Rank 148 Group  0 Pid 182480 on  nid006619 device  0 [0009:01:00] NVIDIA GH200 120GB
   0: #  Rank 149 Group  0 Pid 182481 on  nid006619 device  0 [0019:01:00] NVIDIA GH200 120GB
   0: #  Rank 150 Group  0 Pid 182482 on  nid006619 device  0 [0029:01:00] NVIDIA GH200 120GB
   0: #  Rank 151 Group  0 Pid 182483 on  nid006619 device  0 [0039:01:00] NVIDIA GH200 120GB
   0: #  Rank 152 Group  0 Pid 198412 on  nid006621 device  0 [0009:01:00] NVIDIA GH200 120GB
   0: #  Rank 153 Group  0 Pid 198413 on  nid006621 device  0 [0019:01:00] NVIDIA GH200 120GB
   0: #  Rank 154 Group  0 Pid 198414 on  nid006621 device  0 [0029:01:00] NVIDIA GH200 120GB
   0: #  Rank 155 Group  0 Pid 198415 on  nid006621 device  0 [0039:01:00] NVIDIA GH200 120GB
   0: #  Rank 156 Group  0 Pid 197715 on  nid006622 device  0 [0009:01:00] NVIDIA GH200 120GB
   0: #  Rank 157 Group  0 Pid 197716 on  nid006622 device  0 [0019:01:00] NVIDIA GH200 120GB
   0: #  Rank 158 Group  0 Pid 197717 on  nid006622 device  0 [0029:01:00] NVIDIA GH200 120GB
   0: #  Rank 159 Group  0 Pid 197718 on  nid006622 device  0 [0039:01:00] NVIDIA GH200 120GB
   0: #  Rank 160 Group  0 Pid 194931 on  nid006623 device  0 [0009:01:00] NVIDIA GH200 120GB
   0: #  Rank 161 Group  0 Pid 194932 on  nid006623 device  0 [0019:01:00] NVIDIA GH200 120GB
   0: #  Rank 162 Group  0 Pid 194933 on  nid006623 device  0 [0029:01:00] NVIDIA GH200 120GB
   0: #  Rank 163 Group  0 Pid 194934 on  nid006623 device  0 [0039:01:00] NVIDIA GH200 120GB
   0: #  Rank 164 Group  0 Pid 192141 on  nid006624 device  0 [0009:01:00] NVIDIA GH200 120GB
   0: #  Rank 165 Group  0 Pid 192142 on  nid006624 device  0 [0019:01:00] NVIDIA GH200 120GB
   0: #  Rank 166 Group  0 Pid 192143 on  nid006624 device  0 [0029:01:00] NVIDIA GH200 120GB
   0: #  Rank 167 Group  0 Pid 192144 on  nid006624 device  0 [0039:01:00] NVIDIA GH200 120GB
   0: #  Rank 168 Group  0 Pid 199920 on  nid006625 device  0 [0009:01:00] NVIDIA GH200 120GB
   0: #  Rank 169 Group  0 Pid 199921 on  nid006625 device  0 [0019:01:00] NVIDIA GH200 120GB
   0: #  Rank 170 Group  0 Pid 199922 on  nid006625 device  0 [0029:01:00] NVIDIA GH200 120GB
   0: #  Rank 171 Group  0 Pid 199923 on  nid006625 device  0 [0039:01:00] NVIDIA GH200 120GB
   0: #  Rank 172 Group  0 Pid 195190 on  nid006626 device  0 [0009:01:00] NVIDIA GH200 120GB
   0: #  Rank 173 Group  0 Pid 195191 on  nid006626 device  0 [0019:01:00] NVIDIA GH200 120GB
   0: #  Rank 174 Group  0 Pid 195192 on  nid006626 device  0 [0029:01:00] NVIDIA GH200 120GB
   0: #  Rank 175 Group  0 Pid 195193 on  nid006626 device  0 [0039:01:00] NVIDIA GH200 120GB
   0: #  Rank 176 Group  0 Pid 200806 on  nid006627 device  0 [0009:01:00] NVIDIA GH200 120GB
   0: #  Rank 177 Group  0 Pid 200807 on  nid006627 device  0 [0019:01:00] NVIDIA GH200 120GB
   0: #  Rank 178 Group  0 Pid 200808 on  nid006627 device  0 [0029:01:00] NVIDIA GH200 120GB
   0: #  Rank 179 Group  0 Pid 200809 on  nid006627 device  0 [0039:01:00] NVIDIA GH200 120GB
   0: #  Rank 180 Group  0 Pid 201830 on  nid006628 device  0 [0009:01:00] NVIDIA GH200 120GB
   0: #  Rank 181 Group  0 Pid 201831 on  nid006628 device  0 [0019:01:00] NVIDIA GH200 120GB
   0: #  Rank 182 Group  0 Pid 201832 on  nid006628 device  0 [0029:01:00] NVIDIA GH200 120GB
   0: #  Rank 183 Group  0 Pid 201833 on  nid006628 device  0 [0039:01:00] NVIDIA GH200 120GB
   0: #  Rank 184 Group  0 Pid 196058 on  nid006629 device  0 [0009:01:00] NVIDIA GH200 120GB
   0: #  Rank 185 Group  0 Pid 196059 on  nid006629 device  0 [0019:01:00] NVIDIA GH200 120GB
   0: #  Rank 186 Group  0 Pid 196060 on  nid006629 device  0 [0029:01:00] NVIDIA GH200 120GB
   0: #  Rank 187 Group  0 Pid 196061 on  nid006629 device  0 [0039:01:00] NVIDIA GH200 120GB
   0: #  Rank 188 Group  0 Pid 189571 on  nid006630 device  0 [0009:01:00] NVIDIA GH200 120GB
   0: #  Rank 189 Group  0 Pid 189572 on  nid006630 device  0 [0019:01:00] NVIDIA GH200 120GB
   0: #  Rank 190 Group  0 Pid 189573 on  nid006630 device  0 [0029:01:00] NVIDIA GH200 120GB
   0: #  Rank 191 Group  0 Pid 189574 on  nid006630 device  0 [0039:01:00] NVIDIA GH200 120GB
   0: #  Rank 192 Group  0 Pid 192809 on  nid006631 device  0 [0009:01:00] NVIDIA GH200 120GB
   0: #  Rank 193 Group  0 Pid 192810 on  nid006631 device  0 [0019:01:00] NVIDIA GH200 120GB
   0: #  Rank 194 Group  0 Pid 192811 on  nid006631 device  0 [0029:01:00] NVIDIA GH200 120GB
   0: #  Rank 195 Group  0 Pid 192812 on  nid006631 device  0 [0039:01:00] NVIDIA GH200 120GB
   0: #  Rank 196 Group  0 Pid 198860 on  nid006632 device  0 [0009:01:00] NVIDIA GH200 120GB
   0: #  Rank 197 Group  0 Pid 198861 on  nid006632 device  0 [0019:01:00] NVIDIA GH200 120GB
   0: #  Rank 198 Group  0 Pid 198862 on  nid006632 device  0 [0029:01:00] NVIDIA GH200 120GB
   0: #  Rank 199 Group  0 Pid 198863 on  nid006632 device  0 [0039:01:00] NVIDIA GH200 120GB
   0: #  Rank 200 Group  0 Pid 198702 on  nid006633 device  0 [0009:01:00] NVIDIA GH200 120GB
   0: #  Rank 201 Group  0 Pid 198703 on  nid006633 device  0 [0019:01:00] NVIDIA GH200 120GB
   0: #  Rank 202 Group  0 Pid 198704 on  nid006633 device  0 [0029:01:00] NVIDIA GH200 120GB
   0: #  Rank 203 Group  0 Pid 198705 on  nid006633 device  0 [0039:01:00] NVIDIA GH200 120GB
   0: #  Rank 204 Group  0 Pid 176821 on  nid006634 device  0 [0009:01:00] NVIDIA GH200 120GB
   0: #  Rank 205 Group  0 Pid 176822 on  nid006634 device  0 [0019:01:00] NVIDIA GH200 120GB
   0: #  Rank 206 Group  0 Pid 176823 on  nid006634 device  0 [0029:01:00] NVIDIA GH200 120GB
   0: #  Rank 207 Group  0 Pid 176824 on  nid006634 device  0 [0039:01:00] NVIDIA GH200 120GB
   0: #  Rank 208 Group  0 Pid 196424 on  nid006635 device  0 [0009:01:00] NVIDIA GH200 120GB
   0: #  Rank 209 Group  0 Pid 196425 on  nid006635 device  0 [0019:01:00] NVIDIA GH200 120GB
   0: #  Rank 210 Group  0 Pid 196426 on  nid006635 device  0 [0029:01:00] NVIDIA GH200 120GB
   0: #  Rank 211 Group  0 Pid 196427 on  nid006635 device  0 [0039:01:00] NVIDIA GH200 120GB
   0: #  Rank 212 Group  0 Pid 197311 on  nid006636 device  0 [0009:01:00] NVIDIA GH200 120GB
   0: #  Rank 213 Group  0 Pid 197312 on  nid006636 device  0 [0019:01:00] NVIDIA GH200 120GB
   0: #  Rank 214 Group  0 Pid 197313 on  nid006636 device  0 [0029:01:00] NVIDIA GH200 120GB
   0: #  Rank 215 Group  0 Pid 197314 on  nid006636 device  0 [0039:01:00] NVIDIA GH200 120GB
   0: #  Rank 216 Group  0 Pid 164045 on  nid006638 device  0 [0009:01:00] NVIDIA GH200 120GB
   0: #  Rank 217 Group  0 Pid 164046 on  nid006638 device  0 [0019:01:00] NVIDIA GH200 120GB
   0: #  Rank 218 Group  0 Pid 164047 on  nid006638 device  0 [0029:01:00] NVIDIA GH200 120GB
   0: #  Rank 219 Group  0 Pid 164048 on  nid006638 device  0 [0039:01:00] NVIDIA GH200 120GB
   0: #  Rank 220 Group  0 Pid 161349 on  nid006639 device  0 [0009:01:00] NVIDIA GH200 120GB
   0: #  Rank 221 Group  0 Pid 161350 on  nid006639 device  0 [0019:01:00] NVIDIA GH200 120GB
   0: #  Rank 222 Group  0 Pid 161351 on  nid006639 device  0 [0029:01:00] NVIDIA GH200 120GB
   0: #  Rank 223 Group  0 Pid 161352 on  nid006639 device  0 [0039:01:00] NVIDIA GH200 120GB
   0: #  Rank 224 Group  0 Pid 194017 on  nid006640 device  0 [0009:01:00] NVIDIA GH200 120GB
   0: #  Rank 225 Group  0 Pid 194018 on  nid006640 device  0 [0019:01:00] NVIDIA GH200 120GB
   0: #  Rank 226 Group  0 Pid 194019 on  nid006640 device  0 [0029:01:00] NVIDIA GH200 120GB
   0: #  Rank 227 Group  0 Pid 194020 on  nid006640 device  0 [0039:01:00] NVIDIA GH200 120GB
   0: #  Rank 228 Group  0 Pid 177037 on  nid006641 device  0 [0009:01:00] NVIDIA GH200 120GB
   0: #  Rank 229 Group  0 Pid 177038 on  nid006641 device  0 [0019:01:00] NVIDIA GH200 120GB
   0: #  Rank 230 Group  0 Pid 177039 on  nid006641 device  0 [0029:01:00] NVIDIA GH200 120GB
   0: #  Rank 231 Group  0 Pid 177040 on  nid006641 device  0 [0039:01:00] NVIDIA GH200 120GB
   0: #  Rank 232 Group  0 Pid 178254 on  nid006642 device  0 [0009:01:00] NVIDIA GH200 120GB
   0: #  Rank 233 Group  0 Pid 178255 on  nid006642 device  0 [0019:01:00] NVIDIA GH200 120GB
   0: #  Rank 234 Group  0 Pid 178256 on  nid006642 device  0 [0029:01:00] NVIDIA GH200 120GB
   0: #  Rank 235 Group  0 Pid 178257 on  nid006642 device  0 [0039:01:00] NVIDIA GH200 120GB
   0: #  Rank 236 Group  0 Pid 182795 on  nid006643 device  0 [0009:01:00] NVIDIA GH200 120GB
   0: #  Rank 237 Group  0 Pid 182796 on  nid006643 device  0 [0019:01:00] NVIDIA GH200 120GB
   0: #  Rank 238 Group  0 Pid 182797 on  nid006643 device  0 [0029:01:00] NVIDIA GH200 120GB
   0: #  Rank 239 Group  0 Pid 182798 on  nid006643 device  0 [0039:01:00] NVIDIA GH200 120GB
   0: #  Rank 240 Group  0 Pid 200959 on  nid006644 device  0 [0009:01:00] NVIDIA GH200 120GB
   0: #  Rank 241 Group  0 Pid 200960 on  nid006644 device  0 [0019:01:00] NVIDIA GH200 120GB
   0: #  Rank 242 Group  0 Pid 200961 on  nid006644 device  0 [0029:01:00] NVIDIA GH200 120GB
   0: #  Rank 243 Group  0 Pid 200962 on  nid006644 device  0 [0039:01:00] NVIDIA GH200 120GB
   0: #  Rank 244 Group  0 Pid 198184 on  nid006646 device  0 [0009:01:00] NVIDIA GH200 120GB
   0: #  Rank 245 Group  0 Pid 198185 on  nid006646 device  0 [0019:01:00] NVIDIA GH200 120GB
   0: #  Rank 246 Group  0 Pid 198186 on  nid006646 device  0 [0029:01:00] NVIDIA GH200 120GB
   0: #  Rank 247 Group  0 Pid 198187 on  nid006646 device  0 [0039:01:00] NVIDIA GH200 120GB
   0: #  Rank 248 Group  0 Pid 177306 on  nid006647 device  0 [0009:01:00] NVIDIA GH200 120GB
   0: #  Rank 249 Group  0 Pid 177307 on  nid006647 device  0 [0019:01:00] NVIDIA GH200 120GB
   0: #  Rank 250 Group  0 Pid 177308 on  nid006647 device  0 [0029:01:00] NVIDIA GH200 120GB
   0: #  Rank 251 Group  0 Pid 177309 on  nid006647 device  0 [0039:01:00] NVIDIA GH200 120GB
   0: #  Rank 252 Group  0 Pid 197904 on  nid006648 device  0 [0009:01:00] NVIDIA GH200 120GB
   0: #  Rank 253 Group  0 Pid 197905 on  nid006648 device  0 [0019:01:00] NVIDIA GH200 120GB
   0: #  Rank 254 Group  0 Pid 197906 on  nid006648 device  0 [0029:01:00] NVIDIA GH200 120GB
   0: #  Rank 255 Group  0 Pid 197907 on  nid006648 device  0 [0039:01:00] NVIDIA GH200 120GB
   0: #  Rank 256 Group  0 Pid 189580 on  nid006649 device  0 [0009:01:00] NVIDIA GH200 120GB
   0: #  Rank 257 Group  0 Pid 189581 on  nid006649 device  0 [0019:01:00] NVIDIA GH200 120GB
   0: #  Rank 258 Group  0 Pid 189582 on  nid006649 device  0 [0029:01:00] NVIDIA GH200 120GB
   0: #  Rank 259 Group  0 Pid 189583 on  nid006649 device  0 [0039:01:00] NVIDIA GH200 120GB
   0: #  Rank 260 Group  0 Pid 190981 on  nid006650 device  0 [0009:01:00] NVIDIA GH200 120GB
   0: #  Rank 261 Group  0 Pid 190982 on  nid006650 device  0 [0019:01:00] NVIDIA GH200 120GB
   0: #  Rank 262 Group  0 Pid 190983 on  nid006650 device  0 [0029:01:00] NVIDIA GH200 120GB
   0: #  Rank 263 Group  0 Pid 190984 on  nid006650 device  0 [0039:01:00] NVIDIA GH200 120GB
   0: #  Rank 264 Group  0 Pid 200835 on  nid006651 device  0 [0009:01:00] NVIDIA GH200 120GB
   0: #  Rank 265 Group  0 Pid 200836 on  nid006651 device  0 [0019:01:00] NVIDIA GH200 120GB
   0: #  Rank 266 Group  0 Pid 200837 on  nid006651 device  0 [0029:01:00] NVIDIA GH200 120GB
   0: #  Rank 267 Group  0 Pid 200838 on  nid006651 device  0 [0039:01:00] NVIDIA GH200 120GB
   0: #  Rank 268 Group  0 Pid 195785 on  nid006652 device  0 [0009:01:00] NVIDIA GH200 120GB
   0: #  Rank 269 Group  0 Pid 195786 on  nid006652 device  0 [0019:01:00] NVIDIA GH200 120GB
   0: #  Rank 270 Group  0 Pid 195787 on  nid006652 device  0 [0029:01:00] NVIDIA GH200 120GB
   0: #  Rank 271 Group  0 Pid 195788 on  nid006652 device  0 [0039:01:00] NVIDIA GH200 120GB
   0: #  Rank 272 Group  0 Pid 205990 on  nid006653 device  0 [0009:01:00] NVIDIA GH200 120GB
   0: #  Rank 273 Group  0 Pid 205991 on  nid006653 device  0 [0019:01:00] NVIDIA GH200 120GB
   0: #  Rank 274 Group  0 Pid 205992 on  nid006653 device  0 [0029:01:00] NVIDIA GH200 120GB
   0: #  Rank 275 Group  0 Pid 205993 on  nid006653 device  0 [0039:01:00] NVIDIA GH200 120GB
   0: #  Rank 276 Group  0 Pid 157331 on  nid006655 device  0 [0009:01:00] NVIDIA GH200 120GB
   0: #  Rank 277 Group  0 Pid 157332 on  nid006655 device  0 [0019:01:00] NVIDIA GH200 120GB
   0: #  Rank 278 Group  0 Pid 157333 on  nid006655 device  0 [0029:01:00] NVIDIA GH200 120GB
   0: #  Rank 279 Group  0 Pid 157334 on  nid006655 device  0 [0039:01:00] NVIDIA GH200 120GB
   0: #  Rank 280 Group  0 Pid 196338 on  nid006656 device  0 [0009:01:00] NVIDIA GH200 120GB
   0: #  Rank 281 Group  0 Pid 196339 on  nid006656 device  0 [0019:01:00] NVIDIA GH200 120GB
   0: #  Rank 282 Group  0 Pid 196340 on  nid006656 device  0 [0029:01:00] NVIDIA GH200 120GB
   0: #  Rank 283 Group  0 Pid 196341 on  nid006656 device  0 [0039:01:00] NVIDIA GH200 120GB
   0: #  Rank 284 Group  0 Pid 195665 on  nid006657 device  0 [0009:01:00] NVIDIA GH200 120GB
   0: #  Rank 285 Group  0 Pid 195666 on  nid006657 device  0 [0019:01:00] NVIDIA GH200 120GB
   0: #  Rank 286 Group  0 Pid 195667 on  nid006657 device  0 [0029:01:00] NVIDIA GH200 120GB
   0: #  Rank 287 Group  0 Pid 195668 on  nid006657 device  0 [0039:01:00] NVIDIA GH200 120GB
   0: #  Rank 288 Group  0 Pid 195871 on  nid006658 device  0 [0009:01:00] NVIDIA GH200 120GB
   0: #  Rank 289 Group  0 Pid 195872 on  nid006658 device  0 [0019:01:00] NVIDIA GH200 120GB
   0: #  Rank 290 Group  0 Pid 195873 on  nid006658 device  0 [0029:01:00] NVIDIA GH200 120GB
   0: #  Rank 291 Group  0 Pid 195874 on  nid006658 device  0 [0039:01:00] NVIDIA GH200 120GB
   0: #  Rank 292 Group  0 Pid 193782 on  nid006659 device  0 [0009:01:00] NVIDIA GH200 120GB
   0: #  Rank 293 Group  0 Pid 193783 on  nid006659 device  0 [0019:01:00] NVIDIA GH200 120GB
   0: #  Rank 294 Group  0 Pid 193784 on  nid006659 device  0 [0029:01:00] NVIDIA GH200 120GB
   0: #  Rank 295 Group  0 Pid 193785 on  nid006659 device  0 [0039:01:00] NVIDIA GH200 120GB
   0: #  Rank 296 Group  0 Pid 200606 on  nid006660 device  0 [0009:01:00] NVIDIA GH200 120GB
   0: #  Rank 297 Group  0 Pid 200607 on  nid006660 device  0 [0019:01:00] NVIDIA GH200 120GB
   0: #  Rank 298 Group  0 Pid 200608 on  nid006660 device  0 [0029:01:00] NVIDIA GH200 120GB
   0: #  Rank 299 Group  0 Pid 200609 on  nid006660 device  0 [0039:01:00] NVIDIA GH200 120GB
   0: #  Rank 300 Group  0 Pid 201342 on  nid006661 device  0 [0009:01:00] NVIDIA GH200 120GB
   0: #  Rank 301 Group  0 Pid 201343 on  nid006661 device  0 [0019:01:00] NVIDIA GH200 120GB
   0: #  Rank 302 Group  0 Pid 201344 on  nid006661 device  0 [0029:01:00] NVIDIA GH200 120GB
   0: #  Rank 303 Group  0 Pid 201345 on  nid006661 device  0 [0039:01:00] NVIDIA GH200 120GB
   0: #  Rank 304 Group  0 Pid 197647 on  nid006662 device  0 [0009:01:00] NVIDIA GH200 120GB
   0: #  Rank 305 Group  0 Pid 197648 on  nid006662 device  0 [0019:01:00] NVIDIA GH200 120GB
   0: #  Rank 306 Group  0 Pid 197649 on  nid006662 device  0 [0029:01:00] NVIDIA GH200 120GB
   0: #  Rank 307 Group  0 Pid 197650 on  nid006662 device  0 [0039:01:00] NVIDIA GH200 120GB
   0: #  Rank 308 Group  0 Pid 170565 on  nid006663 device  0 [0009:01:00] NVIDIA GH200 120GB
   0: #  Rank 309 Group  0 Pid 170566 on  nid006663 device  0 [0019:01:00] NVIDIA GH200 120GB
   0: #  Rank 310 Group  0 Pid 170567 on  nid006663 device  0 [0029:01:00] NVIDIA GH200 120GB
   0: #  Rank 311 Group  0 Pid 170568 on  nid006663 device  0 [0039:01:00] NVIDIA GH200 120GB
   0: #  Rank 312 Group  0 Pid 202539 on  nid006664 device  0 [0009:01:00] NVIDIA GH200 120GB
   0: #  Rank 313 Group  0 Pid 202540 on  nid006664 device  0 [0019:01:00] NVIDIA GH200 120GB
   0: #  Rank 314 Group  0 Pid 202541 on  nid006664 device  0 [0029:01:00] NVIDIA GH200 120GB
   0: #  Rank 315 Group  0 Pid 202542 on  nid006664 device  0 [0039:01:00] NVIDIA GH200 120GB
   0: #  Rank 316 Group  0 Pid 169011 on  nid006665 device  0 [0009:01:00] NVIDIA GH200 120GB
   0: #  Rank 317 Group  0 Pid 169012 on  nid006665 device  0 [0019:01:00] NVIDIA GH200 120GB
   0: #  Rank 318 Group  0 Pid 169013 on  nid006665 device  0 [0029:01:00] NVIDIA GH200 120GB
   0: #  Rank 319 Group  0 Pid 169014 on  nid006665 device  0 [0039:01:00] NVIDIA GH200 120GB
   0: #  Rank 320 Group  0 Pid 177965 on  nid006666 device  0 [0009:01:00] NVIDIA GH200 120GB
   0: #  Rank 321 Group  0 Pid 177966 on  nid006666 device  0 [0019:01:00] NVIDIA GH200 120GB
   0: #  Rank 322 Group  0 Pid 177967 on  nid006666 device  0 [0029:01:00] NVIDIA GH200 120GB
   0: #  Rank 323 Group  0 Pid 177968 on  nid006666 device  0 [0039:01:00] NVIDIA GH200 120GB
   0: #  Rank 324 Group  0 Pid 197505 on  nid006667 device  0 [0009:01:00] NVIDIA GH200 120GB
   0: #  Rank 325 Group  0 Pid 197506 on  nid006667 device  0 [0019:01:00] NVIDIA GH200 120GB
   0: #  Rank 326 Group  0 Pid 197507 on  nid006667 device  0 [0029:01:00] NVIDIA GH200 120GB
   0: #  Rank 327 Group  0 Pid 197508 on  nid006667 device  0 [0039:01:00] NVIDIA GH200 120GB
   0: #  Rank 328 Group  0 Pid 192422 on  nid006668 device  0 [0009:01:00] NVIDIA GH200 120GB
   0: #  Rank 329 Group  0 Pid 192423 on  nid006668 device  0 [0019:01:00] NVIDIA GH200 120GB
   0: #  Rank 330 Group  0 Pid 192424 on  nid006668 device  0 [0029:01:00] NVIDIA GH200 120GB
   0: #  Rank 331 Group  0 Pid 192425 on  nid006668 device  0 [0039:01:00] NVIDIA GH200 120GB
   0: #  Rank 332 Group  0 Pid 196848 on  nid006669 device  0 [0009:01:00] NVIDIA GH200 120GB
   0: #  Rank 333 Group  0 Pid 196849 on  nid006669 device  0 [0019:01:00] NVIDIA GH200 120GB
   0: #  Rank 334 Group  0 Pid 196850 on  nid006669 device  0 [0029:01:00] NVIDIA GH200 120GB
   0: #  Rank 335 Group  0 Pid 196851 on  nid006669 device  0 [0039:01:00] NVIDIA GH200 120GB
   0: #  Rank 336 Group  0 Pid 194915 on  nid006670 device  0 [0009:01:00] NVIDIA GH200 120GB
   0: #  Rank 337 Group  0 Pid 194916 on  nid006670 device  0 [0019:01:00] NVIDIA GH200 120GB
   0: #  Rank 338 Group  0 Pid 194917 on  nid006670 device  0 [0029:01:00] NVIDIA GH200 120GB
   0: #  Rank 339 Group  0 Pid 194918 on  nid006670 device  0 [0039:01:00] NVIDIA GH200 120GB
   0: #  Rank 340 Group  0 Pid 193743 on  nid006671 device  0 [0009:01:00] NVIDIA GH200 120GB
   0: #  Rank 341 Group  0 Pid 193744 on  nid006671 device  0 [0019:01:00] NVIDIA GH200 120GB
   0: #  Rank 342 Group  0 Pid 193745 on  nid006671 device  0 [0029:01:00] NVIDIA GH200 120GB
   0: #  Rank 343 Group  0 Pid 193746 on  nid006671 device  0 [0039:01:00] NVIDIA GH200 120GB
   0: #  Rank 344 Group  0 Pid 191155 on  nid006672 device  0 [0009:01:00] NVIDIA GH200 120GB
   0: #  Rank 345 Group  0 Pid 191156 on  nid006672 device  0 [0019:01:00] NVIDIA GH200 120GB
   0: #  Rank 346 Group  0 Pid 191157 on  nid006672 device  0 [0029:01:00] NVIDIA GH200 120GB
   0: #  Rank 347 Group  0 Pid 191158 on  nid006672 device  0 [0039:01:00] NVIDIA GH200 120GB
   0: #  Rank 348 Group  0 Pid 155955 on  nid006673 device  0 [0009:01:00] NVIDIA GH200 120GB
   0: #  Rank 349 Group  0 Pid 155956 on  nid006673 device  0 [0019:01:00] NVIDIA GH200 120GB
   0: #  Rank 350 Group  0 Pid 155957 on  nid006673 device  0 [0029:01:00] NVIDIA GH200 120GB
   0: #  Rank 351 Group  0 Pid 155958 on  nid006673 device  0 [0039:01:00] NVIDIA GH200 120GB
   0: #  Rank 352 Group  0 Pid 193420 on  nid006674 device  0 [0009:01:00] NVIDIA GH200 120GB
   0: #  Rank 353 Group  0 Pid 193421 on  nid006674 device  0 [0019:01:00] NVIDIA GH200 120GB
   0: #  Rank 354 Group  0 Pid 193422 on  nid006674 device  0 [0029:01:00] NVIDIA GH200 120GB
   0: #  Rank 355 Group  0 Pid 193423 on  nid006674 device  0 [0039:01:00] NVIDIA GH200 120GB
   0: #  Rank 356 Group  0 Pid 196490 on  nid006675 device  0 [0009:01:00] NVIDIA GH200 120GB
   0: #  Rank 357 Group  0 Pid 196491 on  nid006675 device  0 [0019:01:00] NVIDIA GH200 120GB
   0: #  Rank 358 Group  0 Pid 196492 on  nid006675 device  0 [0029:01:00] NVIDIA GH200 120GB
   0: #  Rank 359 Group  0 Pid 196493 on  nid006675 device  0 [0039:01:00] NVIDIA GH200 120GB
   0: #  Rank 360 Group  0 Pid 200515 on  nid006676 device  0 [0009:01:00] NVIDIA GH200 120GB
   0: #  Rank 361 Group  0 Pid 200516 on  nid006676 device  0 [0019:01:00] NVIDIA GH200 120GB
   0: #  Rank 362 Group  0 Pid 200517 on  nid006676 device  0 [0029:01:00] NVIDIA GH200 120GB
   0: #  Rank 363 Group  0 Pid 200518 on  nid006676 device  0 [0039:01:00] NVIDIA GH200 120GB
   0: #  Rank 364 Group  0 Pid 196459 on  nid006677 device  0 [0009:01:00] NVIDIA GH200 120GB
   0: #  Rank 365 Group  0 Pid 196460 on  nid006677 device  0 [0019:01:00] NVIDIA GH200 120GB
   0: #  Rank 366 Group  0 Pid 196461 on  nid006677 device  0 [0029:01:00] NVIDIA GH200 120GB
   0: #  Rank 367 Group  0 Pid 196462 on  nid006677 device  0 [0039:01:00] NVIDIA GH200 120GB
   0: #  Rank 368 Group  0 Pid 195818 on  nid006679 device  0 [0009:01:00] NVIDIA GH200 120GB
   0: #  Rank 369 Group  0 Pid 195819 on  nid006679 device  0 [0019:01:00] NVIDIA GH200 120GB
   0: #  Rank 370 Group  0 Pid 195820 on  nid006679 device  0 [0029:01:00] NVIDIA GH200 120GB
   0: #  Rank 371 Group  0 Pid 195821 on  nid006679 device  0 [0039:01:00] NVIDIA GH200 120GB
   0: #  Rank 372 Group  0 Pid 162276 on  nid006680 device  0 [0009:01:00] NVIDIA GH200 120GB
   0: #  Rank 373 Group  0 Pid 162277 on  nid006680 device  0 [0019:01:00] NVIDIA GH200 120GB
   0: #  Rank 374 Group  0 Pid 162278 on  nid006680 device  0 [0029:01:00] NVIDIA GH200 120GB
   0: #  Rank 375 Group  0 Pid 162279 on  nid006680 device  0 [0039:01:00] NVIDIA GH200 120GB
   0: #  Rank 376 Group  0 Pid 197758 on  nid006681 device  0 [0009:01:00] NVIDIA GH200 120GB
   0: #  Rank 377 Group  0 Pid 197759 on  nid006681 device  0 [0019:01:00] NVIDIA GH200 120GB
   0: #  Rank 378 Group  0 Pid 197760 on  nid006681 device  0 [0029:01:00] NVIDIA GH200 120GB
   0: #  Rank 379 Group  0 Pid 197761 on  nid006681 device  0 [0039:01:00] NVIDIA GH200 120GB
   0: #  Rank 380 Group  0 Pid 197161 on  nid006682 device  0 [0009:01:00] NVIDIA GH200 120GB
   0: #  Rank 381 Group  0 Pid 197162 on  nid006682 device  0 [0019:01:00] NVIDIA GH200 120GB
   0: #  Rank 382 Group  0 Pid 197163 on  nid006682 device  0 [0029:01:00] NVIDIA GH200 120GB
   0: #  Rank 383 Group  0 Pid 197164 on  nid006682 device  0 [0039:01:00] NVIDIA GH200 120GB
   0: #  Rank 384 Group  0 Pid 167407 on  nid006683 device  0 [0009:01:00] NVIDIA GH200 120GB
   0: #  Rank 385 Group  0 Pid 167408 on  nid006683 device  0 [0019:01:00] NVIDIA GH200 120GB
   0: #  Rank 386 Group  0 Pid 167409 on  nid006683 device  0 [0029:01:00] NVIDIA GH200 120GB
   0: #  Rank 387 Group  0 Pid 167410 on  nid006683 device  0 [0039:01:00] NVIDIA GH200 120GB
   0: #  Rank 388 Group  0 Pid 186833 on  nid006684 device  0 [0009:01:00] NVIDIA GH200 120GB
   0: #  Rank 389 Group  0 Pid 186834 on  nid006684 device  0 [0019:01:00] NVIDIA GH200 120GB
   0: #  Rank 390 Group  0 Pid 186835 on  nid006684 device  0 [0029:01:00] NVIDIA GH200 120GB
   0: #  Rank 391 Group  0 Pid 186836 on  nid006684 device  0 [0039:01:00] NVIDIA GH200 120GB
   0: #  Rank 392 Group  0 Pid 192119 on  nid006685 device  0 [0009:01:00] NVIDIA GH200 120GB
   0: #  Rank 393 Group  0 Pid 192120 on  nid006685 device  0 [0019:01:00] NVIDIA GH200 120GB
   0: #  Rank 394 Group  0 Pid 192121 on  nid006685 device  0 [0029:01:00] NVIDIA GH200 120GB
   0: #  Rank 395 Group  0 Pid 192122 on  nid006685 device  0 [0039:01:00] NVIDIA GH200 120GB
   0: #  Rank 396 Group  0 Pid 163976 on  nid006686 device  0 [0009:01:00] NVIDIA GH200 120GB
   0: #  Rank 397 Group  0 Pid 163977 on  nid006686 device  0 [0019:01:00] NVIDIA GH200 120GB
   0: #  Rank 398 Group  0 Pid 163978 on  nid006686 device  0 [0029:01:00] NVIDIA GH200 120GB
   0: #  Rank 399 Group  0 Pid 163979 on  nid006686 device  0 [0039:01:00] NVIDIA GH200 120GB
   0: #  Rank 400 Group  0 Pid 197987 on  nid006687 device  0 [0009:01:00] NVIDIA GH200 120GB
   0: #  Rank 401 Group  0 Pid 197988 on  nid006687 device  0 [0019:01:00] NVIDIA GH200 120GB
   0: #  Rank 402 Group  0 Pid 197989 on  nid006687 device  0 [0029:01:00] NVIDIA GH200 120GB
   0: #  Rank 403 Group  0 Pid 197990 on  nid006687 device  0 [0039:01:00] NVIDIA GH200 120GB
   0: #  Rank 404 Group  0 Pid 200730 on  nid006688 device  0 [0009:01:00] NVIDIA GH200 120GB
   0: #  Rank 405 Group  0 Pid 200731 on  nid006688 device  0 [0019:01:00] NVIDIA GH200 120GB
   0: #  Rank 406 Group  0 Pid 200732 on  nid006688 device  0 [0029:01:00] NVIDIA GH200 120GB
   0: #  Rank 407 Group  0 Pid 200733 on  nid006688 device  0 [0039:01:00] NVIDIA GH200 120GB
   0: #  Rank 408 Group  0 Pid 204206 on  nid006689 device  0 [0009:01:00] NVIDIA GH200 120GB
   0: #  Rank 409 Group  0 Pid 204207 on  nid006689 device  0 [0019:01:00] NVIDIA GH200 120GB
   0: #  Rank 410 Group  0 Pid 204208 on  nid006689 device  0 [0029:01:00] NVIDIA GH200 120GB
   0: #  Rank 411 Group  0 Pid 204209 on  nid006689 device  0 [0039:01:00] NVIDIA GH200 120GB
   0: #  Rank 412 Group  0 Pid 160366 on  nid006690 device  0 [0009:01:00] NVIDIA GH200 120GB
   0: #  Rank 413 Group  0 Pid 160367 on  nid006690 device  0 [0019:01:00] NVIDIA GH200 120GB
   0: #  Rank 414 Group  0 Pid 160368 on  nid006690 device  0 [0029:01:00] NVIDIA GH200 120GB
   0: #  Rank 415 Group  0 Pid 160369 on  nid006690 device  0 [0039:01:00] NVIDIA GH200 120GB
   0: #  Rank 416 Group  0 Pid 190551 on  nid006691 device  0 [0009:01:00] NVIDIA GH200 120GB
   0: #  Rank 417 Group  0 Pid 190552 on  nid006691 device  0 [0019:01:00] NVIDIA GH200 120GB
   0: #  Rank 418 Group  0 Pid 190553 on  nid006691 device  0 [0029:01:00] NVIDIA GH200 120GB
   0: #  Rank 419 Group  0 Pid 190554 on  nid006691 device  0 [0039:01:00] NVIDIA GH200 120GB
   0: #  Rank 420 Group  0 Pid 196999 on  nid006692 device  0 [0009:01:00] NVIDIA GH200 120GB
   0: #  Rank 421 Group  0 Pid 197000 on  nid006692 device  0 [0019:01:00] NVIDIA GH200 120GB
   0: #  Rank 422 Group  0 Pid 197001 on  nid006692 device  0 [0029:01:00] NVIDIA GH200 120GB
   0: #  Rank 423 Group  0 Pid 197002 on  nid006692 device  0 [0039:01:00] NVIDIA GH200 120GB
   0: #  Rank 424 Group  0 Pid 165698 on  nid006693 device  0 [0009:01:00] NVIDIA GH200 120GB
   0: #  Rank 425 Group  0 Pid 165699 on  nid006693 device  0 [0019:01:00] NVIDIA GH200 120GB
   0: #  Rank 426 Group  0 Pid 165700 on  nid006693 device  0 [0029:01:00] NVIDIA GH200 120GB
   0: #  Rank 427 Group  0 Pid 165701 on  nid006693 device  0 [0039:01:00] NVIDIA GH200 120GB
   0: #  Rank 428 Group  0 Pid 197063 on  nid006694 device  0 [0009:01:00] NVIDIA GH200 120GB
   0: #  Rank 429 Group  0 Pid 197064 on  nid006694 device  0 [0019:01:00] NVIDIA GH200 120GB
   0: #  Rank 430 Group  0 Pid 197065 on  nid006694 device  0 [0029:01:00] NVIDIA GH200 120GB
   0: #  Rank 431 Group  0 Pid 197066 on  nid006694 device  0 [0039:01:00] NVIDIA GH200 120GB
   0: #  Rank 432 Group  0 Pid 177294 on  nid006695 device  0 [0009:01:00] NVIDIA GH200 120GB
   0: #  Rank 433 Group  0 Pid 177295 on  nid006695 device  0 [0019:01:00] NVIDIA GH200 120GB
   0: #  Rank 434 Group  0 Pid 177296 on  nid006695 device  0 [0029:01:00] NVIDIA GH200 120GB
   0: #  Rank 435 Group  0 Pid 177297 on  nid006695 device  0 [0039:01:00] NVIDIA GH200 120GB
   0: #  Rank 436 Group  0 Pid 162736 on  nid006696 device  0 [0009:01:00] NVIDIA GH200 120GB
   0: #  Rank 437 Group  0 Pid 162737 on  nid006696 device  0 [0019:01:00] NVIDIA GH200 120GB
   0: #  Rank 438 Group  0 Pid 162738 on  nid006696 device  0 [0029:01:00] NVIDIA GH200 120GB
   0: #  Rank 439 Group  0 Pid 162739 on  nid006696 device  0 [0039:01:00] NVIDIA GH200 120GB
   0: #  Rank 440 Group  0 Pid 162782 on  nid006697 device  0 [0009:01:00] NVIDIA GH200 120GB
   0: #  Rank 441 Group  0 Pid 162783 on  nid006697 device  0 [0019:01:00] NVIDIA GH200 120GB
   0: #  Rank 442 Group  0 Pid 162784 on  nid006697 device  0 [0029:01:00] NVIDIA GH200 120GB
   0: #  Rank 443 Group  0 Pid 162785 on  nid006697 device  0 [0039:01:00] NVIDIA GH200 120GB
   0: #  Rank 444 Group  0 Pid 194574 on  nid006698 device  0 [0009:01:00] NVIDIA GH200 120GB
   0: #  Rank 445 Group  0 Pid 194575 on  nid006698 device  0 [0019:01:00] NVIDIA GH200 120GB
   0: #  Rank 446 Group  0 Pid 194576 on  nid006698 device  0 [0029:01:00] NVIDIA GH200 120GB
   0: #  Rank 447 Group  0 Pid 194577 on  nid006698 device  0 [0039:01:00] NVIDIA GH200 120GB
   0: #  Rank 448 Group  0 Pid 195519 on  nid006699 device  0 [0009:01:00] NVIDIA GH200 120GB
   0: #  Rank 449 Group  0 Pid 195520 on  nid006699 device  0 [0019:01:00] NVIDIA GH200 120GB
   0: #  Rank 450 Group  0 Pid 195521 on  nid006699 device  0 [0029:01:00] NVIDIA GH200 120GB
   0: #  Rank 451 Group  0 Pid 195522 on  nid006699 device  0 [0039:01:00] NVIDIA GH200 120GB
   0: #  Rank 452 Group  0 Pid 199926 on  nid006700 device  0 [0009:01:00] NVIDIA GH200 120GB
   0: #  Rank 453 Group  0 Pid 199927 on  nid006700 device  0 [0019:01:00] NVIDIA GH200 120GB
   0: #  Rank 454 Group  0 Pid 199928 on  nid006700 device  0 [0029:01:00] NVIDIA GH200 120GB
   0: #  Rank 455 Group  0 Pid 199929 on  nid006700 device  0 [0039:01:00] NVIDIA GH200 120GB
   0: #  Rank 456 Group  0 Pid 189727 on  nid006701 device  0 [0009:01:00] NVIDIA GH200 120GB
   0: #  Rank 457 Group  0 Pid 189728 on  nid006701 device  0 [0019:01:00] NVIDIA GH200 120GB
   0: #  Rank 458 Group  0 Pid 189729 on  nid006701 device  0 [0029:01:00] NVIDIA GH200 120GB
   0: #  Rank 459 Group  0 Pid 189730 on  nid006701 device  0 [0039:01:00] NVIDIA GH200 120GB
   0: #  Rank 460 Group  0 Pid 200171 on  nid006702 device  0 [0009:01:00] NVIDIA GH200 120GB
   0: #  Rank 461 Group  0 Pid 200172 on  nid006702 device  0 [0019:01:00] NVIDIA GH200 120GB
   0: #  Rank 462 Group  0 Pid 200173 on  nid006702 device  0 [0029:01:00] NVIDIA GH200 120GB
   0: #  Rank 463 Group  0 Pid 200174 on  nid006702 device  0 [0039:01:00] NVIDIA GH200 120GB
   0: #  Rank 464 Group  0 Pid 161156 on  nid006703 device  0 [0009:01:00] NVIDIA GH200 120GB
   0: #  Rank 465 Group  0 Pid 161157 on  nid006703 device  0 [0019:01:00] NVIDIA GH200 120GB
   0: #  Rank 466 Group  0 Pid 161158 on  nid006703 device  0 [0029:01:00] NVIDIA GH200 120GB
   0: #  Rank 467 Group  0 Pid 161159 on  nid006703 device  0 [0039:01:00] NVIDIA GH200 120GB
   0: #  Rank 468 Group  0 Pid 200735 on  nid006704 device  0 [0009:01:00] NVIDIA GH200 120GB
   0: #  Rank 469 Group  0 Pid 200736 on  nid006704 device  0 [0019:01:00] NVIDIA GH200 120GB
   0: #  Rank 470 Group  0 Pid 200737 on  nid006704 device  0 [0029:01:00] NVIDIA GH200 120GB
   0: #  Rank 471 Group  0 Pid 200738 on  nid006704 device  0 [0039:01:00] NVIDIA GH200 120GB
   0: #  Rank 472 Group  0 Pid 160781 on  nid006705 device  0 [0009:01:00] NVIDIA GH200 120GB
   0: #  Rank 473 Group  0 Pid 160782 on  nid006705 device  0 [0019:01:00] NVIDIA GH200 120GB
   0: #  Rank 474 Group  0 Pid 160783 on  nid006705 device  0 [0029:01:00] NVIDIA GH200 120GB
   0: #  Rank 475 Group  0 Pid 160784 on  nid006705 device  0 [0039:01:00] NVIDIA GH200 120GB
   0: #  Rank 476 Group  0 Pid 197121 on  nid006706 device  0 [0009:01:00] NVIDIA GH200 120GB
   0: #  Rank 477 Group  0 Pid 197122 on  nid006706 device  0 [0019:01:00] NVIDIA GH200 120GB
   0: #  Rank 478 Group  0 Pid 197123 on  nid006706 device  0 [0029:01:00] NVIDIA GH200 120GB
   0: #  Rank 479 Group  0 Pid 197124 on  nid006706 device  0 [0039:01:00] NVIDIA GH200 120GB
   0: #  Rank 480 Group  0 Pid 144552 on  nid006707 device  0 [0009:01:00] NVIDIA GH200 120GB
   0: #  Rank 481 Group  0 Pid 144553 on  nid006707 device  0 [0019:01:00] NVIDIA GH200 120GB
   0: #  Rank 482 Group  0 Pid 144554 on  nid006707 device  0 [0029:01:00] NVIDIA GH200 120GB
   0: #  Rank 483 Group  0 Pid 144555 on  nid006707 device  0 [0039:01:00] NVIDIA GH200 120GB
   0: #  Rank 484 Group  0 Pid 198738 on  nid006708 device  0 [0009:01:00] NVIDIA GH200 120GB
   0: #  Rank 485 Group  0 Pid 198739 on  nid006708 device  0 [0019:01:00] NVIDIA GH200 120GB
   0: #  Rank 486 Group  0 Pid 198740 on  nid006708 device  0 [0029:01:00] NVIDIA GH200 120GB
   0: #  Rank 487 Group  0 Pid 198741 on  nid006708 device  0 [0039:01:00] NVIDIA GH200 120GB
   0: #  Rank 488 Group  0 Pid 200766 on  nid006709 device  0 [0009:01:00] NVIDIA GH200 120GB
   0: #  Rank 489 Group  0 Pid 200767 on  nid006709 device  0 [0019:01:00] NVIDIA GH200 120GB
   0: #  Rank 490 Group  0 Pid 200768 on  nid006709 device  0 [0029:01:00] NVIDIA GH200 120GB
   0: #  Rank 491 Group  0 Pid 200769 on  nid006709 device  0 [0039:01:00] NVIDIA GH200 120GB
   0: #  Rank 492 Group  0 Pid 175820 on  nid006710 device  0 [0009:01:00] NVIDIA GH200 120GB
   0: #  Rank 493 Group  0 Pid 175821 on  nid006710 device  0 [0019:01:00] NVIDIA GH200 120GB
   0: #  Rank 494 Group  0 Pid 175822 on  nid006710 device  0 [0029:01:00] NVIDIA GH200 120GB
   0: #  Rank 495 Group  0 Pid 175823 on  nid006710 device  0 [0039:01:00] NVIDIA GH200 120GB
   0: #  Rank 496 Group  0 Pid 160478 on  nid006711 device  0 [0009:01:00] NVIDIA GH200 120GB
   0: #  Rank 497 Group  0 Pid 160479 on  nid006711 device  0 [0019:01:00] NVIDIA GH200 120GB
   0: #  Rank 498 Group  0 Pid 160480 on  nid006711 device  0 [0029:01:00] NVIDIA GH200 120GB
   0: #  Rank 499 Group  0 Pid 160481 on  nid006711 device  0 [0039:01:00] NVIDIA GH200 120GB
   0: #  Rank 500 Group  0 Pid 194870 on  nid006712 device  0 [0009:01:00] NVIDIA GH200 120GB
   0: #  Rank 501 Group  0 Pid 194871 on  nid006712 device  0 [0019:01:00] NVIDIA GH200 120GB
   0: #  Rank 502 Group  0 Pid 194872 on  nid006712 device  0 [0029:01:00] NVIDIA GH200 120GB
   0: #  Rank 503 Group  0 Pid 194873 on  nid006712 device  0 [0039:01:00] NVIDIA GH200 120GB
   0: #  Rank 504 Group  0 Pid 193588 on  nid006714 device  0 [0009:01:00] NVIDIA GH200 120GB
   0: #  Rank 505 Group  0 Pid 193589 on  nid006714 device  0 [0019:01:00] NVIDIA GH200 120GB
   0: #  Rank 506 Group  0 Pid 193590 on  nid006714 device  0 [0029:01:00] NVIDIA GH200 120GB
   0: #  Rank 507 Group  0 Pid 193591 on  nid006714 device  0 [0039:01:00] NVIDIA GH200 120GB
   0: #  Rank 508 Group  0 Pid 165363 on  nid006715 device  0 [0009:01:00] NVIDIA GH200 120GB
   0: #  Rank 509 Group  0 Pid 165364 on  nid006715 device  0 [0019:01:00] NVIDIA GH200 120GB
   0: #  Rank 510 Group  0 Pid 165365 on  nid006715 device  0 [0029:01:00] NVIDIA GH200 120GB
   0: #  Rank 511 Group  0 Pid 165366 on  nid006715 device  0 [0039:01:00] NVIDIA GH200 120GB
   0: #  Rank 512 Group  0 Pid 196284 on  nid006716 device  0 [0009:01:00] NVIDIA GH200 120GB
   0: #  Rank 513 Group  0 Pid 196285 on  nid006716 device  0 [0019:01:00] NVIDIA GH200 120GB
   0: #  Rank 514 Group  0 Pid 196286 on  nid006716 device  0 [0029:01:00] NVIDIA GH200 120GB
   0: #  Rank 515 Group  0 Pid 196287 on  nid006716 device  0 [0039:01:00] NVIDIA GH200 120GB
   0: #  Rank 516 Group  0 Pid 194207 on  nid006717 device  0 [0009:01:00] NVIDIA GH200 120GB
   0: #  Rank 517 Group  0 Pid 194208 on  nid006717 device  0 [0019:01:00] NVIDIA GH200 120GB
   0: #  Rank 518 Group  0 Pid 194209 on  nid006717 device  0 [0029:01:00] NVIDIA GH200 120GB
   0: #  Rank 519 Group  0 Pid 194210 on  nid006717 device  0 [0039:01:00] NVIDIA GH200 120GB
   0: #  Rank 520 Group  0 Pid 197354 on  nid006718 device  0 [0009:01:00] NVIDIA GH200 120GB
   0: #  Rank 521 Group  0 Pid 197355 on  nid006718 device  0 [0019:01:00] NVIDIA GH200 120GB
   0: #  Rank 522 Group  0 Pid 197356 on  nid006718 device  0 [0029:01:00] NVIDIA GH200 120GB
   0: #  Rank 523 Group  0 Pid 197357 on  nid006718 device  0 [0039:01:00] NVIDIA GH200 120GB
   0: #  Rank 524 Group  0 Pid 159490 on  nid006719 device  0 [0009:01:00] NVIDIA GH200 120GB
   0: #  Rank 525 Group  0 Pid 159491 on  nid006719 device  0 [0019:01:00] NVIDIA GH200 120GB
   0: #  Rank 526 Group  0 Pid 159492 on  nid006719 device  0 [0029:01:00] NVIDIA GH200 120GB
   0: #  Rank 527 Group  0 Pid 159493 on  nid006719 device  0 [0039:01:00] NVIDIA GH200 120GB
   0: #  Rank 528 Group  0 Pid 194457 on  nid006720 device  0 [0009:01:00] NVIDIA GH200 120GB
   0: #  Rank 529 Group  0 Pid 194458 on  nid006720 device  0 [0019:01:00] NVIDIA GH200 120GB
   0: #  Rank 530 Group  0 Pid 194459 on  nid006720 device  0 [0029:01:00] NVIDIA GH200 120GB
   0: #  Rank 531 Group  0 Pid 194460 on  nid006720 device  0 [0039:01:00] NVIDIA GH200 120GB
   0: #  Rank 532 Group  0 Pid 196880 on  nid006721 device  0 [0009:01:00] NVIDIA GH200 120GB
   0: #  Rank 533 Group  0 Pid 196881 on  nid006721 device  0 [0019:01:00] NVIDIA GH200 120GB
   0: #  Rank 534 Group  0 Pid 196882 on  nid006721 device  0 [0029:01:00] NVIDIA GH200 120GB
   0: #  Rank 535 Group  0 Pid 196883 on  nid006721 device  0 [0039:01:00] NVIDIA GH200 120GB
   0: #  Rank 536 Group  0 Pid 197453 on  nid006722 device  0 [0009:01:00] NVIDIA GH200 120GB
   0: #  Rank 537 Group  0 Pid 197454 on  nid006722 device  0 [0019:01:00] NVIDIA GH200 120GB
   0: #  Rank 538 Group  0 Pid 197455 on  nid006722 device  0 [0029:01:00] NVIDIA GH200 120GB
   0: #  Rank 539 Group  0 Pid 197456 on  nid006722 device  0 [0039:01:00] NVIDIA GH200 120GB
   0: #  Rank 540 Group  0 Pid 180943 on  nid006723 device  0 [0009:01:00] NVIDIA GH200 120GB
   0: #  Rank 541 Group  0 Pid 180944 on  nid006723 device  0 [0019:01:00] NVIDIA GH200 120GB
   0: #  Rank 542 Group  0 Pid 180945 on  nid006723 device  0 [0029:01:00] NVIDIA GH200 120GB
   0: #  Rank 543 Group  0 Pid 180946 on  nid006723 device  0 [0039:01:00] NVIDIA GH200 120GB
   0: #  Rank 544 Group  0 Pid 149713 on  nid006724 device  0 [0009:01:00] NVIDIA GH200 120GB
   0: #  Rank 545 Group  0 Pid 149714 on  nid006724 device  0 [0019:01:00] NVIDIA GH200 120GB
   0: #  Rank 546 Group  0 Pid 149715 on  nid006724 device  0 [0029:01:00] NVIDIA GH200 120GB
   0: #  Rank 547 Group  0 Pid 149716 on  nid006724 device  0 [0039:01:00] NVIDIA GH200 120GB
   0: #  Rank 548 Group  0 Pid 164911 on  nid006725 device  0 [0009:01:00] NVIDIA GH200 120GB
   0: #  Rank 549 Group  0 Pid 164912 on  nid006725 device  0 [0019:01:00] NVIDIA GH200 120GB
   0: #  Rank 550 Group  0 Pid 164913 on  nid006725 device  0 [0029:01:00] NVIDIA GH200 120GB
   0: #  Rank 551 Group  0 Pid 164914 on  nid006725 device  0 [0039:01:00] NVIDIA GH200 120GB
   0: #  Rank 552 Group  0 Pid 195823 on  nid006726 device  0 [0009:01:00] NVIDIA GH200 120GB
   0: #  Rank 553 Group  0 Pid 195824 on  nid006726 device  0 [0019:01:00] NVIDIA GH200 120GB
   0: #  Rank 554 Group  0 Pid 195825 on  nid006726 device  0 [0029:01:00] NVIDIA GH200 120GB
   0: #  Rank 555 Group  0 Pid 195826 on  nid006726 device  0 [0039:01:00] NVIDIA GH200 120GB
   0: #  Rank 556 Group  0 Pid 235475 on  nid006727 device  0 [0009:01:00] NVIDIA GH200 120GB
   0: #  Rank 557 Group  0 Pid 235476 on  nid006727 device  0 [0019:01:00] NVIDIA GH200 120GB
   0: #  Rank 558 Group  0 Pid 235477 on  nid006727 device  0 [0029:01:00] NVIDIA GH200 120GB
   0: #  Rank 559 Group  0 Pid 235478 on  nid006727 device  0 [0039:01:00] NVIDIA GH200 120GB
   0: #  Rank 560 Group  0 Pid 164776 on  nid006728 device  0 [0009:01:00] NVIDIA GH200 120GB
   0: #  Rank 561 Group  0 Pid 164777 on  nid006728 device  0 [0019:01:00] NVIDIA GH200 120GB
   0: #  Rank 562 Group  0 Pid 164778 on  nid006728 device  0 [0029:01:00] NVIDIA GH200 120GB
   0: #  Rank 563 Group  0 Pid 164779 on  nid006728 device  0 [0039:01:00] NVIDIA GH200 120GB
   0: #  Rank 564 Group  0 Pid 199146 on  nid006729 device  0 [0009:01:00] NVIDIA GH200 120GB
   0: #  Rank 565 Group  0 Pid 199147 on  nid006729 device  0 [0019:01:00] NVIDIA GH200 120GB
   0: #  Rank 566 Group  0 Pid 199148 on  nid006729 device  0 [0029:01:00] NVIDIA GH200 120GB
   0: #  Rank 567 Group  0 Pid 199149 on  nid006729 device  0 [0039:01:00] NVIDIA GH200 120GB
   0: #  Rank 568 Group  0 Pid 188409 on  nid006730 device  0 [0009:01:00] NVIDIA GH200 120GB
   0: #  Rank 569 Group  0 Pid 188410 on  nid006730 device  0 [0019:01:00] NVIDIA GH200 120GB
   0: #  Rank 570 Group  0 Pid 188411 on  nid006730 device  0 [0029:01:00] NVIDIA GH200 120GB
   0: #  Rank 571 Group  0 Pid 188412 on  nid006730 device  0 [0039:01:00] NVIDIA GH200 120GB
   0: #  Rank 572 Group  0 Pid 192983 on  nid006731 device  0 [0009:01:00] NVIDIA GH200 120GB
   0: #  Rank 573 Group  0 Pid 192984 on  nid006731 device  0 [0019:01:00] NVIDIA GH200 120GB
   0: #  Rank 574 Group  0 Pid 192985 on  nid006731 device  0 [0029:01:00] NVIDIA GH200 120GB
   0: #  Rank 575 Group  0 Pid 192986 on  nid006731 device  0 [0039:01:00] NVIDIA GH200 120GB
   0: #  Rank 576 Group  0 Pid 154200 on  nid006732 device  0 [0009:01:00] NVIDIA GH200 120GB
   0: #  Rank 577 Group  0 Pid 154201 on  nid006732 device  0 [0019:01:00] NVIDIA GH200 120GB
   0: #  Rank 578 Group  0 Pid 154202 on  nid006732 device  0 [0029:01:00] NVIDIA GH200 120GB
   0: #  Rank 579 Group  0 Pid 154203 on  nid006732 device  0 [0039:01:00] NVIDIA GH200 120GB
   0: #  Rank 580 Group  0 Pid 190638 on  nid006733 device  0 [0009:01:00] NVIDIA GH200 120GB
   0: #  Rank 581 Group  0 Pid 190639 on  nid006733 device  0 [0019:01:00] NVIDIA GH200 120GB
   0: #  Rank 582 Group  0 Pid 190640 on  nid006733 device  0 [0029:01:00] NVIDIA GH200 120GB
   0: #  Rank 583 Group  0 Pid 190641 on  nid006733 device  0 [0039:01:00] NVIDIA GH200 120GB
   0: #  Rank 584 Group  0 Pid 187804 on  nid006735 device  0 [0009:01:00] NVIDIA GH200 120GB
   0: #  Rank 585 Group  0 Pid 187805 on  nid006735 device  0 [0019:01:00] NVIDIA GH200 120GB
   0: #  Rank 586 Group  0 Pid 187806 on  nid006735 device  0 [0029:01:00] NVIDIA GH200 120GB
   0: #  Rank 587 Group  0 Pid 187807 on  nid006735 device  0 [0039:01:00] NVIDIA GH200 120GB
   0: #  Rank 588 Group  0 Pid 163943 on  nid006736 device  0 [0009:01:00] NVIDIA GH200 120GB
   0: #  Rank 589 Group  0 Pid 163944 on  nid006736 device  0 [0019:01:00] NVIDIA GH200 120GB
   0: #  Rank 590 Group  0 Pid 163945 on  nid006736 device  0 [0029:01:00] NVIDIA GH200 120GB
   0: #  Rank 591 Group  0 Pid 163946 on  nid006736 device  0 [0039:01:00] NVIDIA GH200 120GB
   0: #  Rank 592 Group  0 Pid 163335 on  nid006737 device  0 [0009:01:00] NVIDIA GH200 120GB
   0: #  Rank 593 Group  0 Pid 163336 on  nid006737 device  0 [0019:01:00] NVIDIA GH200 120GB
   0: #  Rank 594 Group  0 Pid 163337 on  nid006737 device  0 [0029:01:00] NVIDIA GH200 120GB
   0: #  Rank 595 Group  0 Pid 163338 on  nid006737 device  0 [0039:01:00] NVIDIA GH200 120GB
   0: #  Rank 596 Group  0 Pid 184463 on  nid006738 device  0 [0009:01:00] NVIDIA GH200 120GB
   0: #  Rank 597 Group  0 Pid 184464 on  nid006738 device  0 [0019:01:00] NVIDIA GH200 120GB
   0: #  Rank 598 Group  0 Pid 184465 on  nid006738 device  0 [0029:01:00] NVIDIA GH200 120GB
   0: #  Rank 599 Group  0 Pid 184466 on  nid006738 device  0 [0039:01:00] NVIDIA GH200 120GB
   0: #  Rank 600 Group  0 Pid 143184 on  nid006739 device  0 [0009:01:00] NVIDIA GH200 120GB
   0: #  Rank 601 Group  0 Pid 143185 on  nid006739 device  0 [0019:01:00] NVIDIA GH200 120GB
   0: #  Rank 602 Group  0 Pid 143186 on  nid006739 device  0 [0029:01:00] NVIDIA GH200 120GB
   0: #  Rank 603 Group  0 Pid 143187 on  nid006739 device  0 [0039:01:00] NVIDIA GH200 120GB
   0: #  Rank 604 Group  0 Pid 189070 on  nid006740 device  0 [0009:01:00] NVIDIA GH200 120GB
   0: #  Rank 605 Group  0 Pid 189071 on  nid006740 device  0 [0019:01:00] NVIDIA GH200 120GB
   0: #  Rank 606 Group  0 Pid 189072 on  nid006740 device  0 [0029:01:00] NVIDIA GH200 120GB
   0: #  Rank 607 Group  0 Pid 189073 on  nid006740 device  0 [0039:01:00] NVIDIA GH200 120GB
   0: #  Rank 608 Group  0 Pid 175896 on  nid006741 device  0 [0009:01:00] NVIDIA GH200 120GB
   0: #  Rank 609 Group  0 Pid 175897 on  nid006741 device  0 [0019:01:00] NVIDIA GH200 120GB
   0: #  Rank 610 Group  0 Pid 175898 on  nid006741 device  0 [0029:01:00] NVIDIA GH200 120GB
   0: #  Rank 611 Group  0 Pid 175899 on  nid006741 device  0 [0039:01:00] NVIDIA GH200 120GB
   0: #  Rank 612 Group  0 Pid 174003 on  nid006742 device  0 [0009:01:00] NVIDIA GH200 120GB
   0: #  Rank 613 Group  0 Pid 174004 on  nid006742 device  0 [0019:01:00] NVIDIA GH200 120GB
   0: #  Rank 614 Group  0 Pid 174005 on  nid006742 device  0 [0029:01:00] NVIDIA GH200 120GB
   0: #  Rank 615 Group  0 Pid 174006 on  nid006742 device  0 [0039:01:00] NVIDIA GH200 120GB
   0: #  Rank 616 Group  0 Pid 174419 on  nid006743 device  0 [0009:01:00] NVIDIA GH200 120GB
   0: #  Rank 617 Group  0 Pid 174420 on  nid006743 device  0 [0019:01:00] NVIDIA GH200 120GB
   0: #  Rank 618 Group  0 Pid 174421 on  nid006743 device  0 [0029:01:00] NVIDIA GH200 120GB
   0: #  Rank 619 Group  0 Pid 174422 on  nid006743 device  0 [0039:01:00] NVIDIA GH200 120GB
   0: #  Rank 620 Group  0 Pid 144012 on  nid006744 device  0 [0009:01:00] NVIDIA GH200 120GB
   0: #  Rank 621 Group  0 Pid 144013 on  nid006744 device  0 [0019:01:00] NVIDIA GH200 120GB
   0: #  Rank 622 Group  0 Pid 144014 on  nid006744 device  0 [0029:01:00] NVIDIA GH200 120GB
   0: #  Rank 623 Group  0 Pid 144015 on  nid006744 device  0 [0039:01:00] NVIDIA GH200 120GB
   0: #  Rank 624 Group  0 Pid 174954 on  nid006745 device  0 [0009:01:00] NVIDIA GH200 120GB
   0: #  Rank 625 Group  0 Pid 174955 on  nid006745 device  0 [0019:01:00] NVIDIA GH200 120GB
   0: #  Rank 626 Group  0 Pid 174956 on  nid006745 device  0 [0029:01:00] NVIDIA GH200 120GB
   0: #  Rank 627 Group  0 Pid 174957 on  nid006745 device  0 [0039:01:00] NVIDIA GH200 120GB
   0: #  Rank 628 Group  0 Pid 171131 on  nid006746 device  0 [0009:01:00] NVIDIA GH200 120GB
   0: #  Rank 629 Group  0 Pid 171132 on  nid006746 device  0 [0019:01:00] NVIDIA GH200 120GB
   0: #  Rank 630 Group  0 Pid 171133 on  nid006746 device  0 [0029:01:00] NVIDIA GH200 120GB
   0: #  Rank 631 Group  0 Pid 171134 on  nid006746 device  0 [0039:01:00] NVIDIA GH200 120GB
   0: #  Rank 632 Group  0 Pid 146283 on  nid006747 device  0 [0009:01:00] NVIDIA GH200 120GB
   0: #  Rank 633 Group  0 Pid 146284 on  nid006747 device  0 [0019:01:00] NVIDIA GH200 120GB
   0: #  Rank 634 Group  0 Pid 146285 on  nid006747 device  0 [0029:01:00] NVIDIA GH200 120GB
   0: #  Rank 635 Group  0 Pid 146286 on  nid006747 device  0 [0039:01:00] NVIDIA GH200 120GB
   0: #  Rank 636 Group  0 Pid 149267 on  nid006748 device  0 [0009:01:00] NVIDIA GH200 120GB
   0: #  Rank 637 Group  0 Pid 149268 on  nid006748 device  0 [0019:01:00] NVIDIA GH200 120GB
   0: #  Rank 638 Group  0 Pid 149269 on  nid006748 device  0 [0029:01:00] NVIDIA GH200 120GB
   0: #  Rank 639 Group  0 Pid 149270 on  nid006748 device  0 [0039:01:00] NVIDIA GH200 120GB
   0: #  Rank 640 Group  0 Pid 142544 on  nid006749 device  0 [0009:01:00] NVIDIA GH200 120GB
   0: #  Rank 641 Group  0 Pid 142545 on  nid006749 device  0 [0019:01:00] NVIDIA GH200 120GB
   0: #  Rank 642 Group  0 Pid 142546 on  nid006749 device  0 [0029:01:00] NVIDIA GH200 120GB
   0: #  Rank 643 Group  0 Pid 142547 on  nid006749 device  0 [0039:01:00] NVIDIA GH200 120GB
   0: #  Rank 644 Group  0 Pid 175187 on  nid006750 device  0 [0009:01:00] NVIDIA GH200 120GB
   0: #  Rank 645 Group  0 Pid 175188 on  nid006750 device  0 [0019:01:00] NVIDIA GH200 120GB
   0: #  Rank 646 Group  0 Pid 175189 on  nid006750 device  0 [0029:01:00] NVIDIA GH200 120GB
   0: #  Rank 647 Group  0 Pid 175190 on  nid006750 device  0 [0039:01:00] NVIDIA GH200 120GB
   0: #  Rank 648 Group  0 Pid 169724 on  nid006751 device  0 [0009:01:00] NVIDIA GH200 120GB
   0: #  Rank 649 Group  0 Pid 169725 on  nid006751 device  0 [0019:01:00] NVIDIA GH200 120GB
   0: #  Rank 650 Group  0 Pid 169726 on  nid006751 device  0 [0029:01:00] NVIDIA GH200 120GB
   0: #  Rank 651 Group  0 Pid 169727 on  nid006751 device  0 [0039:01:00] NVIDIA GH200 120GB
   0: #  Rank 652 Group  0 Pid 140013 on  nid006752 device  0 [0009:01:00] NVIDIA GH200 120GB
   0: #  Rank 653 Group  0 Pid 140014 on  nid006752 device  0 [0019:01:00] NVIDIA GH200 120GB
   0: #  Rank 654 Group  0 Pid 140015 on  nid006752 device  0 [0029:01:00] NVIDIA GH200 120GB
   0: #  Rank 655 Group  0 Pid 140016 on  nid006752 device  0 [0039:01:00] NVIDIA GH200 120GB
   0: #  Rank 656 Group  0 Pid 169976 on  nid006753 device  0 [0009:01:00] NVIDIA GH200 120GB
   0: #  Rank 657 Group  0 Pid 169977 on  nid006753 device  0 [0019:01:00] NVIDIA GH200 120GB
   0: #  Rank 658 Group  0 Pid 169978 on  nid006753 device  0 [0029:01:00] NVIDIA GH200 120GB
   0: #  Rank 659 Group  0 Pid 169979 on  nid006753 device  0 [0039:01:00] NVIDIA GH200 120GB
   0: #  Rank 660 Group  0 Pid 140358 on  nid006754 device  0 [0009:01:00] NVIDIA GH200 120GB
   0: #  Rank 661 Group  0 Pid 140359 on  nid006754 device  0 [0019:01:00] NVIDIA GH200 120GB
   0: #  Rank 662 Group  0 Pid 140360 on  nid006754 device  0 [0029:01:00] NVIDIA GH200 120GB
   0: #  Rank 663 Group  0 Pid 140361 on  nid006754 device  0 [0039:01:00] NVIDIA GH200 120GB
   0: #  Rank 664 Group  0 Pid 166580 on  nid006755 device  0 [0009:01:00] NVIDIA GH200 120GB
   0: #  Rank 665 Group  0 Pid 166581 on  nid006755 device  0 [0019:01:00] NVIDIA GH200 120GB
   0: #  Rank 666 Group  0 Pid 166582 on  nid006755 device  0 [0029:01:00] NVIDIA GH200 120GB
   0: #  Rank 667 Group  0 Pid 166583 on  nid006755 device  0 [0039:01:00] NVIDIA GH200 120GB
   0: #  Rank 668 Group  0 Pid 144192 on  nid006756 device  0 [0009:01:00] NVIDIA GH200 120GB
   0: #  Rank 669 Group  0 Pid 144193 on  nid006756 device  0 [0019:01:00] NVIDIA GH200 120GB
   0: #  Rank 670 Group  0 Pid 144194 on  nid006756 device  0 [0029:01:00] NVIDIA GH200 120GB
   0: #  Rank 671 Group  0 Pid 144195 on  nid006756 device  0 [0039:01:00] NVIDIA GH200 120GB
   0: #  Rank 672 Group  0 Pid 170174 on  nid006757 device  0 [0009:01:00] NVIDIA GH200 120GB
   0: #  Rank 673 Group  0 Pid 170175 on  nid006757 device  0 [0019:01:00] NVIDIA GH200 120GB
   0: #  Rank 674 Group  0 Pid 170176 on  nid006757 device  0 [0029:01:00] NVIDIA GH200 120GB
   0: #  Rank 675 Group  0 Pid 170177 on  nid006757 device  0 [0039:01:00] NVIDIA GH200 120GB
   0: #  Rank 676 Group  0 Pid 131575 on  nid006758 device  0 [0009:01:00] NVIDIA GH200 120GB
   0: #  Rank 677 Group  0 Pid 131576 on  nid006758 device  0 [0019:01:00] NVIDIA GH200 120GB
   0: #  Rank 678 Group  0 Pid 131577 on  nid006758 device  0 [0029:01:00] NVIDIA GH200 120GB
   0: #  Rank 679 Group  0 Pid 131578 on  nid006758 device  0 [0039:01:00] NVIDIA GH200 120GB
   0: #  Rank 680 Group  0 Pid 142043 on  nid006760 device  0 [0009:01:00] NVIDIA GH200 120GB
   0: #  Rank 681 Group  0 Pid 142044 on  nid006760 device  0 [0019:01:00] NVIDIA GH200 120GB
   0: #  Rank 682 Group  0 Pid 142045 on  nid006760 device  0 [0029:01:00] NVIDIA GH200 120GB
   0: #  Rank 683 Group  0 Pid 142046 on  nid006760 device  0 [0039:01:00] NVIDIA GH200 120GB
   0: #  Rank 684 Group  0 Pid 138880 on  nid006761 device  0 [0009:01:00] NVIDIA GH200 120GB
   0: #  Rank 685 Group  0 Pid 138881 on  nid006761 device  0 [0019:01:00] NVIDIA GH200 120GB
   0: #  Rank 686 Group  0 Pid 138882 on  nid006761 device  0 [0029:01:00] NVIDIA GH200 120GB
   0: #  Rank 687 Group  0 Pid 138883 on  nid006761 device  0 [0039:01:00] NVIDIA GH200 120GB
   0: #  Rank 688 Group  0 Pid 156879 on  nid006762 device  0 [0009:01:00] NVIDIA GH200 120GB
   0: #  Rank 689 Group  0 Pid 156880 on  nid006762 device  0 [0019:01:00] NVIDIA GH200 120GB
   0: #  Rank 690 Group  0 Pid 156881 on  nid006762 device  0 [0029:01:00] NVIDIA GH200 120GB
   0: #  Rank 691 Group  0 Pid 156882 on  nid006762 device  0 [0039:01:00] NVIDIA GH200 120GB
   0: #  Rank 692 Group  0 Pid 138423 on  nid006763 device  0 [0009:01:00] NVIDIA GH200 120GB
   0: #  Rank 693 Group  0 Pid 138424 on  nid006763 device  0 [0019:01:00] NVIDIA GH200 120GB
   0: #  Rank 694 Group  0 Pid 138425 on  nid006763 device  0 [0029:01:00] NVIDIA GH200 120GB
   0: #  Rank 695 Group  0 Pid 138426 on  nid006763 device  0 [0039:01:00] NVIDIA GH200 120GB
   0: #  Rank 696 Group  0 Pid 157166 on  nid006764 device  0 [0009:01:00] NVIDIA GH200 120GB
   0: #  Rank 697 Group  0 Pid 157167 on  nid006764 device  0 [0019:01:00] NVIDIA GH200 120GB
   0: #  Rank 698 Group  0 Pid 157168 on  nid006764 device  0 [0029:01:00] NVIDIA GH200 120GB
   0: #  Rank 699 Group  0 Pid 157169 on  nid006764 device  0 [0039:01:00] NVIDIA GH200 120GB
   0: #  Rank 700 Group  0 Pid 135398 on  nid006765 device  0 [0009:01:00] NVIDIA GH200 120GB
   0: #  Rank 701 Group  0 Pid 135399 on  nid006765 device  0 [0019:01:00] NVIDIA GH200 120GB
   0: #  Rank 702 Group  0 Pid 135400 on  nid006765 device  0 [0029:01:00] NVIDIA GH200 120GB
   0: #  Rank 703 Group  0 Pid 135401 on  nid006765 device  0 [0039:01:00] NVIDIA GH200 120GB
   0: #  Rank 704 Group  0 Pid 160917 on  nid006766 device  0 [0009:01:00] NVIDIA GH200 120GB
   0: #  Rank 705 Group  0 Pid 160918 on  nid006766 device  0 [0019:01:00] NVIDIA GH200 120GB
   0: #  Rank 706 Group  0 Pid 160919 on  nid006766 device  0 [0029:01:00] NVIDIA GH200 120GB
   0: #  Rank 707 Group  0 Pid 160920 on  nid006766 device  0 [0039:01:00] NVIDIA GH200 120GB
   0: #  Rank 708 Group  0 Pid 140744 on  nid006767 device  0 [0009:01:00] NVIDIA GH200 120GB
   0: #  Rank 709 Group  0 Pid 140745 on  nid006767 device  0 [0019:01:00] NVIDIA GH200 120GB
   0: #  Rank 710 Group  0 Pid 140746 on  nid006767 device  0 [0029:01:00] NVIDIA GH200 120GB
   0: #  Rank 711 Group  0 Pid 140747 on  nid006767 device  0 [0039:01:00] NVIDIA GH200 120GB
   0: #  Rank 712 Group  0 Pid 142807 on  nid006768 device  0 [0009:01:00] NVIDIA GH200 120GB
   0: #  Rank 713 Group  0 Pid 142808 on  nid006768 device  0 [0019:01:00] NVIDIA GH200 120GB
   0: #  Rank 714 Group  0 Pid 142809 on  nid006768 device  0 [0029:01:00] NVIDIA GH200 120GB
   0: #  Rank 715 Group  0 Pid 142810 on  nid006768 device  0 [0039:01:00] NVIDIA GH200 120GB
   0: #  Rank 716 Group  0 Pid 167425 on  nid006769 device  0 [0009:01:00] NVIDIA GH200 120GB
   0: #  Rank 717 Group  0 Pid 167426 on  nid006769 device  0 [0019:01:00] NVIDIA GH200 120GB
   0: #  Rank 718 Group  0 Pid 167427 on  nid006769 device  0 [0029:01:00] NVIDIA GH200 120GB
   0: #  Rank 719 Group  0 Pid 167428 on  nid006769 device  0 [0039:01:00] NVIDIA GH200 120GB
   0: #  Rank 720 Group  0 Pid 140117 on  nid006770 device  0 [0009:01:00] NVIDIA GH200 120GB
   0: #  Rank 721 Group  0 Pid 140118 on  nid006770 device  0 [0019:01:00] NVIDIA GH200 120GB
   0: #  Rank 722 Group  0 Pid 140119 on  nid006770 device  0 [0029:01:00] NVIDIA GH200 120GB
   0: #  Rank 723 Group  0 Pid 140120 on  nid006770 device  0 [0039:01:00] NVIDIA GH200 120GB
   0: #  Rank 724 Group  0 Pid 141257 on  nid006771 device  0 [0009:01:00] NVIDIA GH200 120GB
   0: #  Rank 725 Group  0 Pid 141258 on  nid006771 device  0 [0019:01:00] NVIDIA GH200 120GB
   0: #  Rank 726 Group  0 Pid 141259 on  nid006771 device  0 [0029:01:00] NVIDIA GH200 120GB
   0: #  Rank 727 Group  0 Pid 141260 on  nid006771 device  0 [0039:01:00] NVIDIA GH200 120GB
   0: #  Rank 728 Group  0 Pid 154508 on  nid006772 device  0 [0009:01:00] NVIDIA GH200 120GB
   0: #  Rank 729 Group  0 Pid 154509 on  nid006772 device  0 [0019:01:00] NVIDIA GH200 120GB
   0: #  Rank 730 Group  0 Pid 154510 on  nid006772 device  0 [0029:01:00] NVIDIA GH200 120GB
   0: #  Rank 731 Group  0 Pid 154511 on  nid006772 device  0 [0039:01:00] NVIDIA GH200 120GB
   0: #  Rank 732 Group  0 Pid 142978 on  nid006773 device  0 [0009:01:00] NVIDIA GH200 120GB
   0: #  Rank 733 Group  0 Pid 142979 on  nid006773 device  0 [0019:01:00] NVIDIA GH200 120GB
   0: #  Rank 734 Group  0 Pid 142980 on  nid006773 device  0 [0029:01:00] NVIDIA GH200 120GB
   0: #  Rank 735 Group  0 Pid 142981 on  nid006773 device  0 [0039:01:00] NVIDIA GH200 120GB
   0: #  Rank 736 Group  0 Pid 156891 on  nid006775 device  0 [0009:01:00] NVIDIA GH200 120GB
   0: #  Rank 737 Group  0 Pid 156892 on  nid006775 device  0 [0019:01:00] NVIDIA GH200 120GB
   0: #  Rank 738 Group  0 Pid 156893 on  nid006775 device  0 [0029:01:00] NVIDIA GH200 120GB
   0: #  Rank 739 Group  0 Pid 156894 on  nid006775 device  0 [0039:01:00] NVIDIA GH200 120GB
   0: #  Rank 740 Group  0 Pid 157059 on  nid006776 device  0 [0009:01:00] NVIDIA GH200 120GB
   0: #  Rank 741 Group  0 Pid 157060 on  nid006776 device  0 [0019:01:00] NVIDIA GH200 120GB
   0: #  Rank 742 Group  0 Pid 157061 on  nid006776 device  0 [0029:01:00] NVIDIA GH200 120GB
   0: #  Rank 743 Group  0 Pid 157062 on  nid006776 device  0 [0039:01:00] NVIDIA GH200 120GB
   0: #  Rank 744 Group  0 Pid 172389 on  nid006777 device  0 [0009:01:00] NVIDIA GH200 120GB
   0: #  Rank 745 Group  0 Pid 172390 on  nid006777 device  0 [0019:01:00] NVIDIA GH200 120GB
   0: #  Rank 746 Group  0 Pid 172391 on  nid006777 device  0 [0029:01:00] NVIDIA GH200 120GB
   0: #  Rank 747 Group  0 Pid 172392 on  nid006777 device  0 [0039:01:00] NVIDIA GH200 120GB
   0: #  Rank 748 Group  0 Pid 144789 on  nid006778 device  0 [0009:01:00] NVIDIA GH200 120GB
   0: #  Rank 749 Group  0 Pid 144790 on  nid006778 device  0 [0019:01:00] NVIDIA GH200 120GB
   0: #  Rank 750 Group  0 Pid 144791 on  nid006778 device  0 [0029:01:00] NVIDIA GH200 120GB
   0: #  Rank 751 Group  0 Pid 144792 on  nid006778 device  0 [0039:01:00] NVIDIA GH200 120GB
   0: #  Rank 752 Group  0 Pid 142260 on  nid006779 device  0 [0009:01:00] NVIDIA GH200 120GB
   0: #  Rank 753 Group  0 Pid 142261 on  nid006779 device  0 [0019:01:00] NVIDIA GH200 120GB
   0: #  Rank 754 Group  0 Pid 142262 on  nid006779 device  0 [0029:01:00] NVIDIA GH200 120GB
   0: #  Rank 755 Group  0 Pid 142263 on  nid006779 device  0 [0039:01:00] NVIDIA GH200 120GB
   0: #  Rank 756 Group  0 Pid 163920 on  nid006780 device  0 [0009:01:00] NVIDIA GH200 120GB
   0: #  Rank 757 Group  0 Pid 163921 on  nid006780 device  0 [0019:01:00] NVIDIA GH200 120GB
   0: #  Rank 758 Group  0 Pid 163922 on  nid006780 device  0 [0029:01:00] NVIDIA GH200 120GB
   0: #  Rank 759 Group  0 Pid 163923 on  nid006780 device  0 [0039:01:00] NVIDIA GH200 120GB
   0: #  Rank 760 Group  0 Pid 165711 on  nid006781 device  0 [0009:01:00] NVIDIA GH200 120GB
   0: #  Rank 761 Group  0 Pid 165712 on  nid006781 device  0 [0019:01:00] NVIDIA GH200 120GB
   0: #  Rank 762 Group  0 Pid 165713 on  nid006781 device  0 [0029:01:00] NVIDIA GH200 120GB
   0: #  Rank 763 Group  0 Pid 165714 on  nid006781 device  0 [0039:01:00] NVIDIA GH200 120GB
   0: #  Rank 764 Group  0 Pid 140566 on  nid006782 device  0 [0009:01:00] NVIDIA GH200 120GB
   0: #  Rank 765 Group  0 Pid 140567 on  nid006782 device  0 [0019:01:00] NVIDIA GH200 120GB
   0: #  Rank 766 Group  0 Pid 140568 on  nid006782 device  0 [0029:01:00] NVIDIA GH200 120GB
   0: #  Rank 767 Group  0 Pid 140569 on  nid006782 device  0 [0039:01:00] NVIDIA GH200 120GB
   0: #  Rank 768 Group  0 Pid 132612 on  nid006783 device  0 [0009:01:00] NVIDIA GH200 120GB
   0: #  Rank 769 Group  0 Pid 132613 on  nid006783 device  0 [0019:01:00] NVIDIA GH200 120GB
   0: #  Rank 770 Group  0 Pid 132614 on  nid006783 device  0 [0029:01:00] NVIDIA GH200 120GB
   0: #  Rank 771 Group  0 Pid 132615 on  nid006783 device  0 [0039:01:00] NVIDIA GH200 120GB
   0: #  Rank 772 Group  0 Pid 175919 on  nid006784 device  0 [0009:01:00] NVIDIA GH200 120GB
   0: #  Rank 773 Group  0 Pid 175920 on  nid006784 device  0 [0019:01:00] NVIDIA GH200 120GB
   0: #  Rank 774 Group  0 Pid 175921 on  nid006784 device  0 [0029:01:00] NVIDIA GH200 120GB
   0: #  Rank 775 Group  0 Pid 175922 on  nid006784 device  0 [0039:01:00] NVIDIA GH200 120GB
   0: #  Rank 776 Group  0 Pid 152387 on  nid006785 device  0 [0009:01:00] NVIDIA GH200 120GB
   0: #  Rank 777 Group  0 Pid 152388 on  nid006785 device  0 [0019:01:00] NVIDIA GH200 120GB
   0: #  Rank 778 Group  0 Pid 152389 on  nid006785 device  0 [0029:01:00] NVIDIA GH200 120GB
   0: #  Rank 779 Group  0 Pid 152390 on  nid006785 device  0 [0039:01:00] NVIDIA GH200 120GB
   0: #  Rank 780 Group  0 Pid 147960 on  nid006786 device  0 [0009:01:00] NVIDIA GH200 120GB
   0: #  Rank 781 Group  0 Pid 147961 on  nid006786 device  0 [0019:01:00] NVIDIA GH200 120GB
   0: #  Rank 782 Group  0 Pid 147962 on  nid006786 device  0 [0029:01:00] NVIDIA GH200 120GB
   0: #  Rank 783 Group  0 Pid 147963 on  nid006786 device  0 [0039:01:00] NVIDIA GH200 120GB
   0: #  Rank 784 Group  0 Pid 142797 on  nid006787 device  0 [0009:01:00] NVIDIA GH200 120GB
   0: #  Rank 785 Group  0 Pid 142798 on  nid006787 device  0 [0019:01:00] NVIDIA GH200 120GB
   0: #  Rank 786 Group  0 Pid 142799 on  nid006787 device  0 [0029:01:00] NVIDIA GH200 120GB
   0: #  Rank 787 Group  0 Pid 142800 on  nid006787 device  0 [0039:01:00] NVIDIA GH200 120GB
   0: #  Rank 788 Group  0 Pid 173869 on  nid006788 device  0 [0009:01:00] NVIDIA GH200 120GB
   0: #  Rank 789 Group  0 Pid 173870 on  nid006788 device  0 [0019:01:00] NVIDIA GH200 120GB
   0: #  Rank 790 Group  0 Pid 173871 on  nid006788 device  0 [0029:01:00] NVIDIA GH200 120GB
   0: #  Rank 791 Group  0 Pid 173872 on  nid006788 device  0 [0039:01:00] NVIDIA GH200 120GB
   0: #  Rank 792 Group  0 Pid 142963 on  nid006790 device  0 [0009:01:00] NVIDIA GH200 120GB
   0: #  Rank 793 Group  0 Pid 142964 on  nid006790 device  0 [0019:01:00] NVIDIA GH200 120GB
   0: #  Rank 794 Group  0 Pid 142965 on  nid006790 device  0 [0029:01:00] NVIDIA GH200 120GB
   0: #  Rank 795 Group  0 Pid 142966 on  nid006790 device  0 [0039:01:00] NVIDIA GH200 120GB
   0: #  Rank 796 Group  0 Pid 152193 on  nid006791 device  0 [0009:01:00] NVIDIA GH200 120GB
   0: #  Rank 797 Group  0 Pid 152194 on  nid006791 device  0 [0019:01:00] NVIDIA GH200 120GB
   0: #  Rank 798 Group  0 Pid 152195 on  nid006791 device  0 [0029:01:00] NVIDIA GH200 120GB
   0: #  Rank 799 Group  0 Pid 152196 on  nid006791 device  0 [0039:01:00] NVIDIA GH200 120GB
   0: #  Rank 800 Group  0 Pid 144739 on  nid006792 device  0 [0009:01:00] NVIDIA GH200 120GB
   0: #  Rank 801 Group  0 Pid 144740 on  nid006792 device  0 [0019:01:00] NVIDIA GH200 120GB
   0: #  Rank 802 Group  0 Pid 144741 on  nid006792 device  0 [0029:01:00] NVIDIA GH200 120GB
   0: #  Rank 803 Group  0 Pid 144742 on  nid006792 device  0 [0039:01:00] NVIDIA GH200 120GB
   0: #  Rank 804 Group  0 Pid 150090 on  nid006793 device  0 [0009:01:00] NVIDIA GH200 120GB
   0: #  Rank 805 Group  0 Pid 150091 on  nid006793 device  0 [0019:01:00] NVIDIA GH200 120GB
   0: #  Rank 806 Group  0 Pid 150092 on  nid006793 device  0 [0029:01:00] NVIDIA GH200 120GB
   0: #  Rank 807 Group  0 Pid 150093 on  nid006793 device  0 [0039:01:00] NVIDIA GH200 120GB
   0: #  Rank 808 Group  0 Pid 161629 on  nid006794 device  0 [0009:01:00] NVIDIA GH200 120GB
   0: #  Rank 809 Group  0 Pid 161630 on  nid006794 device  0 [0019:01:00] NVIDIA GH200 120GB
   0: #  Rank 810 Group  0 Pid 161631 on  nid006794 device  0 [0029:01:00] NVIDIA GH200 120GB
   0: #  Rank 811 Group  0 Pid 161632 on  nid006794 device  0 [0039:01:00] NVIDIA GH200 120GB
   0: #  Rank 812 Group  0 Pid 163461 on  nid006795 device  0 [0009:01:00] NVIDIA GH200 120GB
   0: #  Rank 813 Group  0 Pid 163462 on  nid006795 device  0 [0019:01:00] NVIDIA GH200 120GB
   0: #  Rank 814 Group  0 Pid 163463 on  nid006795 device  0 [0029:01:00] NVIDIA GH200 120GB
   0: #  Rank 815 Group  0 Pid 163464 on  nid006795 device  0 [0039:01:00] NVIDIA GH200 120GB
   0: #  Rank 816 Group  0 Pid 176064 on  nid006796 device  0 [0009:01:00] NVIDIA GH200 120GB
   0: #  Rank 817 Group  0 Pid 176065 on  nid006796 device  0 [0019:01:00] NVIDIA GH200 120GB
   0: #  Rank 818 Group  0 Pid 176066 on  nid006796 device  0 [0029:01:00] NVIDIA GH200 120GB
   0: #  Rank 819 Group  0 Pid 176067 on  nid006796 device  0 [0039:01:00] NVIDIA GH200 120GB
   0: #  Rank 820 Group  0 Pid 140990 on  nid006797 device  0 [0009:01:00] NVIDIA GH200 120GB
   0: #  Rank 821 Group  0 Pid 140991 on  nid006797 device  0 [0019:01:00] NVIDIA GH200 120GB
   0: #  Rank 822 Group  0 Pid 140992 on  nid006797 device  0 [0029:01:00] NVIDIA GH200 120GB
   0: #  Rank 823 Group  0 Pid 140993 on  nid006797 device  0 [0039:01:00] NVIDIA GH200 120GB
   0: #  Rank 824 Group  0 Pid 147417 on  nid006798 device  0 [0009:01:00] NVIDIA GH200 120GB
   0: #  Rank 825 Group  0 Pid 147418 on  nid006798 device  0 [0019:01:00] NVIDIA GH200 120GB
   0: #  Rank 826 Group  0 Pid 147419 on  nid006798 device  0 [0029:01:00] NVIDIA GH200 120GB
   0: #  Rank 827 Group  0 Pid 147420 on  nid006798 device  0 [0039:01:00] NVIDIA GH200 120GB
   0: #  Rank 828 Group  0 Pid 145860 on  nid006799 device  0 [0009:01:00] NVIDIA GH200 120GB
   0: #  Rank 829 Group  0 Pid 145861 on  nid006799 device  0 [0019:01:00] NVIDIA GH200 120GB
   0: #  Rank 830 Group  0 Pid 145862 on  nid006799 device  0 [0029:01:00] NVIDIA GH200 120GB
   0: #  Rank 831 Group  0 Pid 145863 on  nid006799 device  0 [0039:01:00] NVIDIA GH200 120GB
   0: #  Rank 832 Group  0 Pid 168406 on  nid006800 device  0 [0009:01:00] NVIDIA GH200 120GB
   0: #  Rank 833 Group  0 Pid 168407 on  nid006800 device  0 [0019:01:00] NVIDIA GH200 120GB
   0: #  Rank 834 Group  0 Pid 168408 on  nid006800 device  0 [0029:01:00] NVIDIA GH200 120GB
   0: #  Rank 835 Group  0 Pid 168409 on  nid006800 device  0 [0039:01:00] NVIDIA GH200 120GB
   0: #  Rank 836 Group  0 Pid 135279 on  nid006801 device  0 [0009:01:00] NVIDIA GH200 120GB
   0: #  Rank 837 Group  0 Pid 135280 on  nid006801 device  0 [0019:01:00] NVIDIA GH200 120GB
   0: #  Rank 838 Group  0 Pid 135281 on  nid006801 device  0 [0029:01:00] NVIDIA GH200 120GB
   0: #  Rank 839 Group  0 Pid 135282 on  nid006801 device  0 [0039:01:00] NVIDIA GH200 120GB
   0: #  Rank 840 Group  0 Pid 170920 on  nid006802 device  0 [0009:01:00] NVIDIA GH200 120GB
   0: #  Rank 841 Group  0 Pid 170921 on  nid006802 device  0 [0019:01:00] NVIDIA GH200 120GB
   0: #  Rank 842 Group  0 Pid 170922 on  nid006802 device  0 [0029:01:00] NVIDIA GH200 120GB
   0: #  Rank 843 Group  0 Pid 170923 on  nid006802 device  0 [0039:01:00] NVIDIA GH200 120GB
   0: #  Rank 844 Group  0 Pid 162709 on  nid006803 device  0 [0009:01:00] NVIDIA GH200 120GB
   0: #  Rank 845 Group  0 Pid 162710 on  nid006803 device  0 [0019:01:00] NVIDIA GH200 120GB
   0: #  Rank 846 Group  0 Pid 162711 on  nid006803 device  0 [0029:01:00] NVIDIA GH200 120GB
   0: #  Rank 847 Group  0 Pid 162712 on  nid006803 device  0 [0039:01:00] NVIDIA GH200 120GB
   0: #  Rank 848 Group  0 Pid 173636 on  nid006804 device  0 [0009:01:00] NVIDIA GH200 120GB
   0: #  Rank 849 Group  0 Pid 173637 on  nid006804 device  0 [0019:01:00] NVIDIA GH200 120GB
   0: #  Rank 850 Group  0 Pid 173638 on  nid006804 device  0 [0029:01:00] NVIDIA GH200 120GB
   0: #  Rank 851 Group  0 Pid 173639 on  nid006804 device  0 [0039:01:00] NVIDIA GH200 120GB
   0: #  Rank 852 Group  0 Pid 161248 on  nid006805 device  0 [0009:01:00] NVIDIA GH200 120GB
   0: #  Rank 853 Group  0 Pid 161249 on  nid006805 device  0 [0019:01:00] NVIDIA GH200 120GB
   0: #  Rank 854 Group  0 Pid 161250 on  nid006805 device  0 [0029:01:00] NVIDIA GH200 120GB
   0: #  Rank 855 Group  0 Pid 161251 on  nid006805 device  0 [0039:01:00] NVIDIA GH200 120GB
   0: #  Rank 856 Group  0 Pid 171531 on  nid006806 device  0 [0009:01:00] NVIDIA GH200 120GB
   0: #  Rank 857 Group  0 Pid 171532 on  nid006806 device  0 [0019:01:00] NVIDIA GH200 120GB
   0: #  Rank 858 Group  0 Pid 171533 on  nid006806 device  0 [0029:01:00] NVIDIA GH200 120GB
   0: #  Rank 859 Group  0 Pid 171534 on  nid006806 device  0 [0039:01:00] NVIDIA GH200 120GB
   0: #  Rank 860 Group  0 Pid 166334 on  nid006808 device  0 [0009:01:00] NVIDIA GH200 120GB
   0: #  Rank 861 Group  0 Pid 166335 on  nid006808 device  0 [0019:01:00] NVIDIA GH200 120GB
   0: #  Rank 862 Group  0 Pid 166336 on  nid006808 device  0 [0029:01:00] NVIDIA GH200 120GB
   0: #  Rank 863 Group  0 Pid 166337 on  nid006808 device  0 [0039:01:00] NVIDIA GH200 120GB
   0: #  Rank 864 Group  0 Pid 138482 on  nid006809 device  0 [0009:01:00] NVIDIA GH200 120GB
   0: #  Rank 865 Group  0 Pid 138483 on  nid006809 device  0 [0019:01:00] NVIDIA GH200 120GB
   0: #  Rank 866 Group  0 Pid 138484 on  nid006809 device  0 [0029:01:00] NVIDIA GH200 120GB
   0: #  Rank 867 Group  0 Pid 138485 on  nid006809 device  0 [0039:01:00] NVIDIA GH200 120GB
   0: #  Rank 868 Group  0 Pid 160013 on  nid006810 device  0 [0009:01:00] NVIDIA GH200 120GB
   0: #  Rank 869 Group  0 Pid 160014 on  nid006810 device  0 [0019:01:00] NVIDIA GH200 120GB
   0: #  Rank 870 Group  0 Pid 160015 on  nid006810 device  0 [0029:01:00] NVIDIA GH200 120GB
   0: #  Rank 871 Group  0 Pid 160016 on  nid006810 device  0 [0039:01:00] NVIDIA GH200 120GB
   0: #  Rank 872 Group  0 Pid 155592 on  nid006811 device  0 [0009:01:00] NVIDIA GH200 120GB
   0: #  Rank 873 Group  0 Pid 155593 on  nid006811 device  0 [0019:01:00] NVIDIA GH200 120GB
   0: #  Rank 874 Group  0 Pid 155594 on  nid006811 device  0 [0029:01:00] NVIDIA GH200 120GB
   0: #  Rank 875 Group  0 Pid 155595 on  nid006811 device  0 [0039:01:00] NVIDIA GH200 120GB
   0: #  Rank 876 Group  0 Pid 139315 on  nid006812 device  0 [0009:01:00] NVIDIA GH200 120GB
   0: #  Rank 877 Group  0 Pid 139316 on  nid006812 device  0 [0019:01:00] NVIDIA GH200 120GB
   0: #  Rank 878 Group  0 Pid 139317 on  nid006812 device  0 [0029:01:00] NVIDIA GH200 120GB
   0: #  Rank 879 Group  0 Pid 139318 on  nid006812 device  0 [0039:01:00] NVIDIA GH200 120GB
   0: #  Rank 880 Group  0 Pid 153747 on  nid006813 device  0 [0009:01:00] NVIDIA GH200 120GB
   0: #  Rank 881 Group  0 Pid 153748 on  nid006813 device  0 [0019:01:00] NVIDIA GH200 120GB
   0: #  Rank 882 Group  0 Pid 153749 on  nid006813 device  0 [0029:01:00] NVIDIA GH200 120GB
   0: #  Rank 883 Group  0 Pid 153750 on  nid006813 device  0 [0039:01:00] NVIDIA GH200 120GB
   0: #  Rank 884 Group  0 Pid 140460 on  nid006814 device  0 [0009:01:00] NVIDIA GH200 120GB
   0: #  Rank 885 Group  0 Pid 140461 on  nid006814 device  0 [0019:01:00] NVIDIA GH200 120GB
   0: #  Rank 886 Group  0 Pid 140462 on  nid006814 device  0 [0029:01:00] NVIDIA GH200 120GB
   0: #  Rank 887 Group  0 Pid 140463 on  nid006814 device  0 [0039:01:00] NVIDIA GH200 120GB
   0: #  Rank 888 Group  0 Pid 143828 on  nid006815 device  0 [0009:01:00] NVIDIA GH200 120GB
   0: #  Rank 889 Group  0 Pid 143829 on  nid006815 device  0 [0019:01:00] NVIDIA GH200 120GB
   0: #  Rank 890 Group  0 Pid 143830 on  nid006815 device  0 [0029:01:00] NVIDIA GH200 120GB
   0: #  Rank 891 Group  0 Pid 143831 on  nid006815 device  0 [0039:01:00] NVIDIA GH200 120GB
   0: #  Rank 892 Group  0 Pid 174751 on  nid006817 device  0 [0009:01:00] NVIDIA GH200 120GB
   0: #  Rank 893 Group  0 Pid 174752 on  nid006817 device  0 [0019:01:00] NVIDIA GH200 120GB
   0: #  Rank 894 Group  0 Pid 174753 on  nid006817 device  0 [0029:01:00] NVIDIA GH200 120GB
   0: #  Rank 895 Group  0 Pid 174754 on  nid006817 device  0 [0039:01:00] NVIDIA GH200 120GB
   0: #  Rank 896 Group  0 Pid 162940 on  nid006818 device  0 [0009:01:00] NVIDIA GH200 120GB
   0: #  Rank 897 Group  0 Pid 162941 on  nid006818 device  0 [0019:01:00] NVIDIA GH200 120GB
   0: #  Rank 898 Group  0 Pid 162942 on  nid006818 device  0 [0029:01:00] NVIDIA GH200 120GB
   0: #  Rank 899 Group  0 Pid 162943 on  nid006818 device  0 [0039:01:00] NVIDIA GH200 120GB
   0: #  Rank 900 Group  0 Pid 171842 on  nid006820 device  0 [0009:01:00] NVIDIA GH200 120GB
   0: #  Rank 901 Group  0 Pid 171843 on  nid006820 device  0 [0019:01:00] NVIDIA GH200 120GB
   0: #  Rank 902 Group  0 Pid 171844 on  nid006820 device  0 [0029:01:00] NVIDIA GH200 120GB
   0: #  Rank 903 Group  0 Pid 171845 on  nid006820 device  0 [0039:01:00] NVIDIA GH200 120GB
   0: #  Rank 904 Group  0 Pid 155795 on  nid006821 device  0 [0009:01:00] NVIDIA GH200 120GB
   0: #  Rank 905 Group  0 Pid 155796 on  nid006821 device  0 [0019:01:00] NVIDIA GH200 120GB
   0: #  Rank 906 Group  0 Pid 155797 on  nid006821 device  0 [0029:01:00] NVIDIA GH200 120GB
   0: #  Rank 907 Group  0 Pid 155798 on  nid006821 device  0 [0039:01:00] NVIDIA GH200 120GB
   0: #  Rank 908 Group  0 Pid 153100 on  nid006822 device  0 [0009:01:00] NVIDIA GH200 120GB
   0: #  Rank 909 Group  0 Pid 153101 on  nid006822 device  0 [0019:01:00] NVIDIA GH200 120GB
   0: #  Rank 910 Group  0 Pid 153102 on  nid006822 device  0 [0029:01:00] NVIDIA GH200 120GB
   0: #  Rank 911 Group  0 Pid 153103 on  nid006822 device  0 [0039:01:00] NVIDIA GH200 120GB
   0: #  Rank 912 Group  0 Pid 165252 on  nid006824 device  0 [0009:01:00] NVIDIA GH200 120GB
   0: #  Rank 913 Group  0 Pid 165253 on  nid006824 device  0 [0019:01:00] NVIDIA GH200 120GB
   0: #  Rank 914 Group  0 Pid 165254 on  nid006824 device  0 [0029:01:00] NVIDIA GH200 120GB
   0: #  Rank 915 Group  0 Pid 165255 on  nid006824 device  0 [0039:01:00] NVIDIA GH200 120GB
   0: #  Rank 916 Group  0 Pid 174879 on  nid006825 device  0 [0009:01:00] NVIDIA GH200 120GB
   0: #  Rank 917 Group  0 Pid 174880 on  nid006825 device  0 [0019:01:00] NVIDIA GH200 120GB
   0: #  Rank 918 Group  0 Pid 174881 on  nid006825 device  0 [0029:01:00] NVIDIA GH200 120GB
   0: #  Rank 919 Group  0 Pid 174882 on  nid006825 device  0 [0039:01:00] NVIDIA GH200 120GB
   0: #  Rank 920 Group  0 Pid 141331 on  nid006826 device  0 [0009:01:00] NVIDIA GH200 120GB
   0: #  Rank 921 Group  0 Pid 141332 on  nid006826 device  0 [0019:01:00] NVIDIA GH200 120GB
   0: #  Rank 922 Group  0 Pid 141333 on  nid006826 device  0 [0029:01:00] NVIDIA GH200 120GB
   0: #  Rank 923 Group  0 Pid 141334 on  nid006826 device  0 [0039:01:00] NVIDIA GH200 120GB
   0: #  Rank 924 Group  0 Pid 148183 on  nid006827 device  0 [0009:01:00] NVIDIA GH200 120GB
   0: #  Rank 925 Group  0 Pid 148184 on  nid006827 device  0 [0019:01:00] NVIDIA GH200 120GB
   0: #  Rank 926 Group  0 Pid 148185 on  nid006827 device  0 [0029:01:00] NVIDIA GH200 120GB
   0: #  Rank 927 Group  0 Pid 148186 on  nid006827 device  0 [0039:01:00] NVIDIA GH200 120GB
   0: #  Rank 928 Group  0 Pid 134457 on  nid006828 device  0 [0009:01:00] NVIDIA GH200 120GB
   0: #  Rank 929 Group  0 Pid 134458 on  nid006828 device  0 [0019:01:00] NVIDIA GH200 120GB
   0: #  Rank 930 Group  0 Pid 134459 on  nid006828 device  0 [0029:01:00] NVIDIA GH200 120GB
   0: #  Rank 931 Group  0 Pid 134460 on  nid006828 device  0 [0039:01:00] NVIDIA GH200 120GB
   0: #  Rank 932 Group  0 Pid 147949 on  nid006835 device  0 [0009:01:00] NVIDIA GH200 120GB
   0: #  Rank 933 Group  0 Pid 147950 on  nid006835 device  0 [0019:01:00] NVIDIA GH200 120GB
   0: #  Rank 934 Group  0 Pid 147951 on  nid006835 device  0 [0029:01:00] NVIDIA GH200 120GB
   0: #  Rank 935 Group  0 Pid 147952 on  nid006835 device  0 [0039:01:00] NVIDIA GH200 120GB
   0: #  Rank 936 Group  0 Pid 243692 on  nid006858 device  0 [0009:01:00] NVIDIA GH200 120GB
   0: #  Rank 937 Group  0 Pid 243693 on  nid006858 device  0 [0019:01:00] NVIDIA GH200 120GB
   0: #  Rank 938 Group  0 Pid 243694 on  nid006858 device  0 [0029:01:00] NVIDIA GH200 120GB
   0: #  Rank 939 Group  0 Pid 243695 on  nid006858 device  0 [0039:01:00] NVIDIA GH200 120GB
   0: #  Rank 940 Group  0 Pid  48914 on  nid006861 device  0 [0009:01:00] NVIDIA GH200 120GB
   0: #  Rank 941 Group  0 Pid  48915 on  nid006861 device  0 [0019:01:00] NVIDIA GH200 120GB
   0: #  Rank 942 Group  0 Pid  48916 on  nid006861 device  0 [0029:01:00] NVIDIA GH200 120GB
   0: #  Rank 943 Group  0 Pid  48917 on  nid006861 device  0 [0039:01:00] NVIDIA GH200 120GB
   0: #  Rank 944 Group  0 Pid 226169 on  nid006871 device  0 [0009:01:00] NVIDIA GH200 120GB
   0: #  Rank 945 Group  0 Pid 226170 on  nid006871 device  0 [0019:01:00] NVIDIA GH200 120GB
   0: #  Rank 946 Group  0 Pid 226171 on  nid006871 device  0 [0029:01:00] NVIDIA GH200 120GB
   0: #  Rank 947 Group  0 Pid 226172 on  nid006871 device  0 [0039:01:00] NVIDIA GH200 120GB
   0: #  Rank 948 Group  0 Pid 263434 on  nid006913 device  0 [0009:01:00] NVIDIA GH200 120GB
   0: #  Rank 949 Group  0 Pid 263435 on  nid006913 device  0 [0019:01:00] NVIDIA GH200 120GB
   0: #  Rank 950 Group  0 Pid 263436 on  nid006913 device  0 [0029:01:00] NVIDIA GH200 120GB
   0: #  Rank 951 Group  0 Pid 263437 on  nid006913 device  0 [0039:01:00] NVIDIA GH200 120GB
   0: #  Rank 952 Group  0 Pid 241955 on  nid006914 device  0 [0009:01:00] NVIDIA GH200 120GB
   0: #  Rank 953 Group  0 Pid 241956 on  nid006914 device  0 [0019:01:00] NVIDIA GH200 120GB
   0: #  Rank 954 Group  0 Pid 241957 on  nid006914 device  0 [0029:01:00] NVIDIA GH200 120GB
   0: #  Rank 955 Group  0 Pid 241958 on  nid006914 device  0 [0039:01:00] NVIDIA GH200 120GB
   0: #  Rank 956 Group  0 Pid 262128 on  nid006916 device  0 [0009:01:00] NVIDIA GH200 120GB
   0: #  Rank 957 Group  0 Pid 262129 on  nid006916 device  0 [0019:01:00] NVIDIA GH200 120GB
   0: #  Rank 958 Group  0 Pid 262130 on  nid006916 device  0 [0029:01:00] NVIDIA GH200 120GB
   0: #  Rank 959 Group  0 Pid 262131 on  nid006916 device  0 [0039:01:00] NVIDIA GH200 120GB
   0: #  Rank 960 Group  0 Pid 258010 on  nid006917 device  0 [0009:01:00] NVIDIA GH200 120GB
   0: #  Rank 961 Group  0 Pid 258011 on  nid006917 device  0 [0019:01:00] NVIDIA GH200 120GB
   0: #  Rank 962 Group  0 Pid 258012 on  nid006917 device  0 [0029:01:00] NVIDIA GH200 120GB
   0: #  Rank 963 Group  0 Pid 258013 on  nid006917 device  0 [0039:01:00] NVIDIA GH200 120GB
   0: #  Rank 964 Group  0 Pid 226003 on  nid006921 device  0 [0009:01:00] NVIDIA GH200 120GB
   0: #  Rank 965 Group  0 Pid 226004 on  nid006921 device  0 [0019:01:00] NVIDIA GH200 120GB
   0: #  Rank 966 Group  0 Pid 226005 on  nid006921 device  0 [0029:01:00] NVIDIA GH200 120GB
   0: #  Rank 967 Group  0 Pid 226009 on  nid006921 device  0 [0039:01:00] NVIDIA GH200 120GB
   0: #  Rank 968 Group  0 Pid  66618 on  nid006932 device  0 [0009:01:00] NVIDIA GH200 120GB
   0: #  Rank 969 Group  0 Pid  66619 on  nid006932 device  0 [0019:01:00] NVIDIA GH200 120GB
   0: #  Rank 970 Group  0 Pid  66620 on  nid006932 device  0 [0029:01:00] NVIDIA GH200 120GB
   0: #  Rank 971 Group  0 Pid  66621 on  nid006932 device  0 [0039:01:00] NVIDIA GH200 120GB
   0: #  Rank 972 Group  0 Pid  50074 on  nid006933 device  0 [0009:01:00] NVIDIA GH200 120GB
   0: #  Rank 973 Group  0 Pid  50075 on  nid006933 device  0 [0019:01:00] NVIDIA GH200 120GB
   0: #  Rank 974 Group  0 Pid  50076 on  nid006933 device  0 [0029:01:00] NVIDIA GH200 120GB
   0: #  Rank 975 Group  0 Pid  50077 on  nid006933 device  0 [0039:01:00] NVIDIA GH200 120GB
   0: #  Rank 976 Group  0 Pid 282073 on  nid006936 device  0 [0009:01:00] NVIDIA GH200 120GB
   0: #  Rank 977 Group  0 Pid 282074 on  nid006936 device  0 [0019:01:00] NVIDIA GH200 120GB
   0: #  Rank 978 Group  0 Pid 282075 on  nid006936 device  0 [0029:01:00] NVIDIA GH200 120GB
   0: #  Rank 979 Group  0 Pid 282076 on  nid006936 device  0 [0039:01:00] NVIDIA GH200 120GB
   0: #  Rank 980 Group  0 Pid  60120 on  nid006938 device  0 [0009:01:00] NVIDIA GH200 120GB
   0: #  Rank 981 Group  0 Pid  60121 on  nid006938 device  0 [0019:01:00] NVIDIA GH200 120GB
   0: #  Rank 982 Group  0 Pid  60122 on  nid006938 device  0 [0029:01:00] NVIDIA GH200 120GB
   0: #  Rank 983 Group  0 Pid  60123 on  nid006938 device  0 [0039:01:00] NVIDIA GH200 120GB
   0: #  Rank 984 Group  0 Pid  50906 on  nid006942 device  0 [0009:01:00] NVIDIA GH200 120GB
   0: #  Rank 985 Group  0 Pid  50907 on  nid006942 device  0 [0019:01:00] NVIDIA GH200 120GB
   0: #  Rank 986 Group  0 Pid  50908 on  nid006942 device  0 [0029:01:00] NVIDIA GH200 120GB
   0: #  Rank 987 Group  0 Pid  50909 on  nid006942 device  0 [0039:01:00] NVIDIA GH200 120GB
   0: #  Rank 988 Group  0 Pid 114624 on  nid006943 device  0 [0009:01:00] NVIDIA GH200 120GB
   0: #  Rank 989 Group  0 Pid 114625 on  nid006943 device  0 [0019:01:00] NVIDIA GH200 120GB
   0: #  Rank 990 Group  0 Pid 114626 on  nid006943 device  0 [0029:01:00] NVIDIA GH200 120GB
   0: #  Rank 991 Group  0 Pid 114627 on  nid006943 device  0 [0039:01:00] NVIDIA GH200 120GB
   0: #  Rank 992 Group  0 Pid  63228 on  nid006946 device  0 [0009:01:00] NVIDIA GH200 120GB
   0: #  Rank 993 Group  0 Pid  63229 on  nid006946 device  0 [0019:01:00] NVIDIA GH200 120GB
   0: #  Rank 994 Group  0 Pid  63230 on  nid006946 device  0 [0029:01:00] NVIDIA GH200 120GB
   0: #  Rank 995 Group  0 Pid  63231 on  nid006946 device  0 [0039:01:00] NVIDIA GH200 120GB
   0: #  Rank 996 Group  0 Pid  71708 on  nid006949 device  0 [0009:01:00] NVIDIA GH200 120GB
   0: #  Rank 997 Group  0 Pid  71709 on  nid006949 device  0 [0019:01:00] NVIDIA GH200 120GB
   0: #  Rank 998 Group  0 Pid  71710 on  nid006949 device  0 [0029:01:00] NVIDIA GH200 120GB
   0: #  Rank 999 Group  0 Pid  71711 on  nid006949 device  0 [0039:01:00] NVIDIA GH200 120GB
   0: #  Rank 1000 Group  0 Pid  84533 on  nid006954 device  0 [0009:01:00] NVIDIA GH200 120GB
   0: #  Rank 1001 Group  0 Pid  84534 on  nid006954 device  0 [0019:01:00] NVIDIA GH200 120GB
   0: #  Rank 1002 Group  0 Pid  84535 on  nid006954 device  0 [0029:01:00] NVIDIA GH200 120GB
   0: #  Rank 1003 Group  0 Pid  84536 on  nid006954 device  0 [0039:01:00] NVIDIA GH200 120GB
   0: #  Rank 1004 Group  0 Pid 251620 on  nid007151 device  0 [0009:01:00] NVIDIA GH200 120GB
   0: #  Rank 1005 Group  0 Pid 251621 on  nid007151 device  0 [0019:01:00] NVIDIA GH200 120GB
   0: #  Rank 1006 Group  0 Pid 251622 on  nid007151 device  0 [0029:01:00] NVIDIA GH200 120GB
   0: #  Rank 1007 Group  0 Pid 251623 on  nid007151 device  0 [0039:01:00] NVIDIA GH200 120GB
   0: #  Rank 1008 Group  0 Pid 214226 on  nid007273 device  0 [0009:01:00] NVIDIA GH200 120GB
   0: #  Rank 1009 Group  0 Pid 214227 on  nid007273 device  0 [0019:01:00] NVIDIA GH200 120GB
   0: #  Rank 1010 Group  0 Pid 214228 on  nid007273 device  0 [0029:01:00] NVIDIA GH200 120GB
   0: #  Rank 1011 Group  0 Pid 214229 on  nid007273 device  0 [0039:01:00] NVIDIA GH200 120GB
   0: #  Rank 1012 Group  0 Pid 273318 on  nid007549 device  0 [0009:01:00] NVIDIA GH200 120GB
   0: #  Rank 1013 Group  0 Pid 273319 on  nid007549 device  0 [0019:01:00] NVIDIA GH200 120GB
   0: #  Rank 1014 Group  0 Pid 273320 on  nid007549 device  0 [0029:01:00] NVIDIA GH200 120GB
   0: #  Rank 1015 Group  0 Pid 273321 on  nid007549 device  0 [0039:01:00] NVIDIA GH200 120GB
   0: #  Rank 1016 Group  0 Pid  17851 on  nid007615 device  0 [0009:01:00] NVIDIA GH200 120GB
   0: #  Rank 1017 Group  0 Pid  17852 on  nid007615 device  0 [0019:01:00] NVIDIA GH200 120GB
   0: #  Rank 1018 Group  0 Pid  17854 on  nid007615 device  0 [0029:01:00] NVIDIA GH200 120GB
   0: #  Rank 1019 Group  0 Pid  17855 on  nid007615 device  0 [0039:01:00] NVIDIA GH200 120GB
   0: #  Rank 1020 Group  0 Pid 272084 on  nid007640 device  0 [0009:01:00] NVIDIA GH200 120GB
   0: #  Rank 1021 Group  0 Pid 272085 on  nid007640 device  0 [0019:01:00] NVIDIA GH200 120GB
   0: #  Rank 1022 Group  0 Pid 272086 on  nid007640 device  0 [0029:01:00] NVIDIA GH200 120GB
   0: #  Rank 1023 Group  0 Pid 272087 on  nid007640 device  0 [0039:01:00] NVIDIA GH200 120GB
   0: #
   0: #                                                              out-of-place                       in-place          
   0: #       size         count      type   redop    root     time   algbw   busbw #wrong     time   algbw   busbw #wrong
   0: #        (B)    (elements)                               (us)  (GB/s)  (GB/s)            (us)  (GB/s)  (GB/s)       
   0:            8             2     float     sum      -1    84.01    0.00    0.00      0    291.8    0.00    0.00      0
   0:           16             4     float     sum      -1    80.87    0.00    0.00      0    80.84    0.00    0.00      0
   0:           32             8     float     sum      -1    321.3    0.00    0.00      0    99.22    0.00    0.00      0
   0:           64            16     float     sum      -1    148.2    0.00    0.00      0    89.25    0.00    0.00      0
   0:          128            32     float     sum      -1    198.2    0.00    0.00      0    207.2    0.00    0.00      0
   0:          256            64     float     sum      -1    248.5    0.00    0.00      0    201.5    0.00    0.00      0
   0:          512           128     float     sum      -1    206.6    0.00    0.00      0    205.1    0.00    0.00      0
   0:         1024           256     float     sum      -1    207.2    0.00    0.01      0    204.8    0.00    0.01      0
   0:         2048           512     float     sum      -1    214.0    0.01    0.02      0    214.3    0.01    0.02      0
   0:         4096          1024     float     sum      -1    233.0    0.02    0.04      0    229.5    0.02    0.04      0
   0:         8192          2048     float     sum      -1    240.0    0.03    0.07      0    232.0    0.04    0.07      0
   0:        16384          4096     float     sum      -1    275.8    0.06    0.12      0    265.3    0.06    0.12      0
   0:        32768          8192     float     sum      -1    301.5    0.11    0.22      0    291.3    0.11    0.22      0
   0:        65536         16384     float     sum      -1    386.8    0.17    0.34      0    406.1    0.16    0.32      0
   0:       131072         32768     float     sum      -1    545.1    0.24    0.48      0    538.2    0.24    0.49      0
   0:       262144         65536     float     sum      -1    699.5    0.37    0.75      0    736.2    0.36    0.71      0
   0:       524288        131072     float     sum      -1    843.0    0.62    1.24      0    824.3    0.64    1.27      0
   0:      1048576        262144     float     sum      -1   1569.4    0.67    1.33      0   1402.1    0.75    1.49      0
   0:      2097152        524288     float     sum      -1   2332.4    0.90    1.80      0   2291.1    0.92    1.83      0
   0:      4194304       1048576     float     sum      -1   3698.4    1.13    2.27      0   3610.6    1.16    2.32      0
   0:      8388608       2097152     float     sum      -1   4053.3    2.07    4.14      0   4451.8    1.88    3.76      0
   0:     16777216       4194304     float     sum      -1   5091.6    3.30    6.58      0   4595.2    3.65    7.29      0
   0:     33554432       8388608     float     sum      -1   5702.5    5.88   11.76      0   5889.7    5.70   11.38      0
   0:     67108864      16777216     float     sum      -1   8254.2    8.13   16.24      0   7939.0    8.45   16.89      0
   0:    134217728      33554432     float     sum      -1    11778   11.40   22.77      0    12522   10.72   21.42      0
   0:    268435456      67108864     float     sum      -1    22144   12.12   24.22      0    21533   12.47   24.91      0
   0:    536870912     134217728     float     sum      -1    93803    5.72   11.44      0    32781   16.38   32.72      0
   0:   1073741824     268435456     float     sum      -1    74297   14.45   28.88      0    75862   14.15   28.28      0
   0:   2147483648     536870912     float     sum      -1   118868   18.07   36.10      0    82954   25.89   51.72      0
   0:   4294967296    1073741824     float     sum      -1   127606   33.66   67.25      0   128391   33.45   66.84      0
   0:            8             2     float     sum      -1    82.61    0.00    0.00      0    80.80    0.00    0.00      0
   0:           16             4     float     sum      -1    79.97    0.00    0.00      0    115.2    0.00    0.00      0
   0:           32             8     float     sum      -1    80.14    0.00    0.00      0    91.78    0.00    0.00      0
   0:           64            16     float     sum      -1    86.77    0.00    0.00      0    87.32    0.00    0.00      0
   0:          128            32     float     sum      -1    194.9    0.00    0.00      0    193.0    0.00    0.00      0
   0:          256            64     float     sum      -1    204.3    0.00    0.00      0    196.2    0.00    0.00      0
   0:          512           128     float     sum      -1    201.4    0.00    0.01      0    197.5    0.00    0.01      0
   0:         1024           256     float     sum      -1    204.8    0.01    0.01      0    201.6    0.01    0.01      0
   0:         2048           512     float     sum      -1    210.1    0.01    0.02      0    209.9    0.01    0.02      0
   0:         4096          1024     float     sum      -1    227.7    0.02    0.04      0    223.7    0.02    0.04      0
   0:         8192          2048     float     sum      -1    240.3    0.03    0.07      0    233.2    0.04    0.07      0
   0:        16384          4096     float     sum      -1    255.4    0.06    0.13      0    244.4    0.07    0.13      0
   0:        32768          8192     float     sum      -1    282.5    0.12    0.23      0    275.3    0.12    0.24      0
   0:        65536         16384     float     sum      -1    386.9    0.17    0.34      0    376.3    0.17    0.35      0
   0:       131072         32768     float     sum      -1    495.6    0.26    0.53      0    489.5    0.27    0.54      0
   0:       262144         65536     float     sum      -1    672.4    0.39    0.78      0    682.8    0.38    0.77      0
   0:       524288        131072     float     sum      -1    703.7    0.75    1.49      0    708.7    0.74    1.48      0
   0:      1048576        262144     float     sum      -1    957.6    1.10    2.19      0    889.7    1.18    2.35      0
   0:      2097152        524288     float     sum      -1   1415.3    1.48    2.96      0   1919.2    1.09    2.18      0
   0:      4194304       1048576     float     sum      -1   2151.6    1.95    3.89      0   2291.1    1.83    3.66      0
   0:      8388608       2097152     float     sum      -1   2292.0    3.66    7.31      0   2331.0    3.60    7.19      0
   0:     16777216       4194304     float     sum      -1   2912.7    5.76   11.51      0   3004.6    5.58   11.16      0
   0:     33554432       8388608     float     sum      -1   3705.3    9.06   18.09      0   3788.9    8.86   17.69      0
   0:     67108864      16777216     float     sum      -1   4655.2   14.42   28.80      0   4934.0   13.60   27.18      0
   0:    134217728      33554432     float     sum      -1   6705.6   20.02   39.99      0   6711.1   20.00   39.96      0
   0:    268435456      67108864     float     sum      -1    10755   24.96   49.87      0    11233   23.90   47.75      0
   0:    536870912     134217728     float     sum      -1    19994   26.85   53.65      0    19892   26.99   53.92      0
   0:   1073741824     268435456     float     sum      -1    41159   26.09   52.12      0    38735   27.72   55.39      0
   0:   2147483648     536870912     float     sum      -1    83424   25.74   51.43      0   100052   21.46   42.89      0
   0:   4294967296    1073741824     float     sum      -1   125642   34.18   68.30      0   126021   34.08   68.10      0
   0:            8             2     float     sum      -1    86.53    0.00    0.00      0    84.99    0.00    0.00      0
   0:           16             4     float     sum      -1    83.22    0.00    0.00      0    95.14    0.00    0.00      0
   0:           32             8     float     sum      -1    80.11    0.00    0.00      0    81.87    0.00    0.00      0
   0:           64            16     float     sum      -1    87.65    0.00    0.00      0    86.49    0.00    0.00      0
   0:          128            32     float     sum      -1    194.8    0.00    0.00      0    192.4    0.00    0.00      0
   0:          256            64     float     sum      -1    204.3    0.00    0.00      0    196.1    0.00    0.00      0
   0:          512           128     float     sum      -1    201.5    0.00    0.01      0    201.0    0.00    0.01      0
   0:         1024           256     float     sum      -1    204.1    0.01    0.01      0    201.3    0.01    0.01      0
   0:         2048           512     float     sum      -1    209.7    0.01    0.02      0    210.2    0.01    0.02      0
   0:         4096          1024     float     sum      -1    227.9    0.02    0.04      0    225.9    0.02    0.04      0
   0:         8192          2048     float     sum      -1    231.3    0.04    0.07      0    228.0    0.04    0.07      0
   0:        16384          4096     float     sum      -1    240.4    0.07    0.14      0    240.9    0.07    0.14      0
   0:        32768          8192     float     sum      -1    258.1    0.13    0.25      0    264.6    0.12    0.25      0
   0:        65536         16384     float     sum      -1    415.1    0.16    0.32      0    398.3    0.16    0.33      0
   0:       131072         32768     float     sum      -1    479.4    0.27    0.55      0    465.9    0.28    0.56      0
   0:       262144         65536     float     sum      -1    662.6    0.40    0.79      0    675.5    0.39    0.78      0
   0:       524288        131072     float     sum      -1    707.3    0.74    1.48      0    729.0    0.72    1.44      0
   0:      1048576        262144     float     sum      -1    778.1    1.35    2.69      0    832.4    1.26    2.52      0
   0:      2097152        524288     float     sum      -1   1151.0    1.82    3.64      0   1229.1    1.71    3.41      0
   0:      4194304       1048576     float     sum      -1   2090.9    2.01    4.01      0   1837.2    2.28    4.56      0
   0:      8388608       2097152     float     sum      -1   2044.5    4.10    8.20      0   2020.1    4.15    8.30      0
   0:     16777216       4194304     float     sum      -1   2461.3    6.82   13.62      0   2517.7    6.66   13.31      0
   0:     33554432       8388608     float     sum      -1   3137.2   10.70   21.37      0   3211.3   10.45   20.88      0
   0:     67108864      16777216     float     sum      -1   4224.5   15.89   31.74      0   4064.5   16.51   32.99      0
   0:    134217728      33554432     float     sum      -1   6051.0   22.18   44.32      0   5831.5   23.02   45.99      0
   0:    268435456      67108864     float     sum      -1   9562.0   28.07   56.09      0   9726.1   27.60   55.15      0
   0:    536870912     134217728     float     sum      -1    17851   30.07   60.09      0    17829   30.11   60.16      0
   0:   1073741824     268435456     float     sum      -1    34439   31.18   62.30      0    46649   23.02   45.99      0
   0:   2147483648     536870912     float     sum      -1    94369   22.76   45.47      0    67910   31.62   63.18      0
   0:   4294967296    1073741824     float     sum      -1   124777   34.42   68.78      0   134989   31.82   63.57      0
   0:            8             2     float     sum      -1    82.59    0.00    0.00      0    80.18    0.00    0.00      0
   0:           16             4     float     sum      -1    80.42    0.00    0.00      0    79.74    0.00    0.00      0
   0:           32             8     float     sum      -1    79.96    0.00    0.00      0    79.91    0.00    0.00      0
   0:           64            16     float     sum      -1    87.21    0.00    0.00      0    86.89    0.00    0.00      0
   0:          128            32     float     sum      -1    196.4    0.00    0.00      0    193.6    0.00    0.00      0
   0:          256            64     float     sum      -1    210.7    0.00    0.00      0    194.3    0.00    0.00      0
   0:          512           128     float     sum      -1    199.6    0.00    0.01      0    198.3    0.00    0.01      0
   0:         1024           256     float     sum      -1    203.8    0.01    0.01      0    210.3    0.00    0.01      0
   0:         2048           512     float     sum      -1    215.8    0.01    0.02      0    210.7    0.01    0.02      0
   0:         4096          1024     float     sum      -1    242.7    0.02    0.03      0    225.3    0.02    0.04      0
   0:         8192          2048     float     sum      -1    231.6    0.04    0.07      0    228.2    0.04    0.07      0
   0:        16384          4096     float     sum      -1    246.3    0.07    0.13      0    246.5    0.07    0.13      0
   0:        32768          8192     float     sum      -1    263.4    0.12    0.25      0    252.0    0.13    0.26      0
   0:        65536         16384     float     sum      -1    345.3    0.19    0.38      0    361.5    0.18    0.36      0
   0:       131072         32768     float     sum      -1    487.2    0.27    0.54      0    485.5    0.27    0.54      0
   0:       262144         65536     float     sum      -1    664.0    0.39    0.79      0    668.6    0.39    0.78      0
   0:       524288        131072     float     sum      -1    754.8    0.69    1.39      0    795.2    0.66    1.32      0
   0:      1048576        262144     float     sum      -1    775.9    1.35    2.70      0    873.5    1.20    2.40      0
   0:      2097152        524288     float     sum      -1   1435.2    1.46    2.92      0   1445.8    1.45    2.90      0
   0:      4194304       1048576     float     sum      -1   2492.7    1.68    3.36      0   2530.2    1.66    3.31      0
   0:      8388608       2097152     float     sum      -1   2643.2    3.17    6.34      0   2794.9    3.00    6.00      0
   0:     16777216       4194304     float     sum      -1   3235.0    5.19   10.36      0   3223.6    5.20   10.40      0
   0:     33554432       8388608     float     sum      -1   4108.4    8.17   16.32      0   3971.6    8.45   16.88      0
   0:     67108864      16777216     float     sum      -1   6400.0   10.49   20.95      0   5621.8   11.94   23.85      0
   0:    134217728      33554432     float     sum      -1   8914.7   15.06   30.08      0   8673.0   15.48   30.92      0
   0:    268435456      67108864     float     sum      -1    13757   19.51   38.99      0    13382   20.06   40.08      0
   0:    536870912     134217728     float     sum      -1    23739   22.62   45.19      0    24028   22.34   44.64      0
   0:   1073741824     268435456     float     sum      -1    44582   24.08   48.12      0    33971   31.61   63.15      0
   0:   2147483648     536870912     float     sum      -1    67124   31.99   63.92      0    67495   31.82   63.57      0
   0:   4294967296    1073741824     float     sum      -1   122838   34.96   69.86      0   124348   34.54   69.01      0
   0:            8             2     float     sum      -1    83.83    0.00    0.00      0    80.86    0.00    0.00      0
   0:           16             4     float     sum      -1    83.82    0.00    0.00      0    80.69    0.00    0.00      0
   0:           32             8     float     sum      -1    80.25    0.00    0.00      0    80.23    0.00    0.00      0
   0:           64            16     float     sum      -1    88.71    0.00    0.00      0    87.71    0.00    0.00      0
   0:          128            32     float     sum      -1    196.5    0.00    0.00      0    196.4    0.00    0.00      0
   0:          256            64     float     sum      -1    208.6    0.00    0.00      0    212.5    0.00    0.00      0
   0:          512           128     float     sum      -1    202.8    0.00    0.01      0    199.9    0.00    0.01      0
   0:         1024           256     float     sum      -1    207.0    0.00    0.01      0    202.8    0.01    0.01      0
   0:         2048           512     float     sum      -1    214.6    0.01    0.02      0    217.9    0.01    0.02      0
   0:         4096          1024     float     sum      -1    230.6    0.02    0.04      0    228.2    0.02    0.04      0
   0:         8192          2048     float     sum      -1    234.2    0.03    0.07      0    231.6    0.04    0.07      0
   0:        16384          4096     float     sum      -1    239.1    0.07    0.14      0    244.4    0.07    0.13      0
   0:        32768          8192     float     sum      -1    257.4    0.13    0.25      0    243.1    0.13    0.27      0
   0:        65536         16384     float     sum      -1    328.9    0.20    0.40      0    324.5    0.20    0.40      0
   0:       131072         32768     float     sum      -1    485.0    0.27    0.54      0    467.1    0.28    0.56      0
   0:       262144         65536     float     sum      -1    664.5    0.39    0.79      0    645.7    0.41    0.81      0
   0:       524288        131072     float     sum      -1    743.9    0.70    1.41      0    703.8    0.74    1.49      0
   0:      1048576        262144     float     sum      -1    735.1    1.43    2.85      0    831.1    1.26    2.52      0
   0:      2097152        524288     float     sum      -1   1225.8    1.71    3.42      0   1420.7    1.48    2.95      0
   0:      4194304       1048576     float     sum      -1   2302.8    1.82    3.64      0   2359.7    1.78    3.55      0
   0:      8388608       2097152     float     sum      -1   2725.6    3.08    6.15      0   2913.7    2.88    5.75      0
   0:     16777216       4194304     float     sum      -1   3549.2    4.73    9.44      0   3100.3    5.41   10.81      0
   0:     33554432       8388608     float     sum      -1   4598.6    7.30   14.58      0   3191.2   10.51   21.01      0
   0:     67108864      16777216     float     sum      -1   3947.0   17.00   33.97      0   4073.4   16.47   32.92      0
   0:    134217728      33554432     float     sum      -1   5676.6   23.64   47.24      0   5705.9   23.52   47.00      0
   0:    268435456      67108864     float     sum      -1   9646.4   27.83   55.60      0   9421.4   28.49   56.93      0
   0:    536870912     134217728     float     sum      -1    16799   31.96   63.85      0    16834   31.89   63.72      0
   0:   1073741824     268435456     float     sum      -1    32924   32.61   65.16      0    33878   31.69   63.33      0
   0:   2147483648     536870912     float     sum      -1    76696   28.00   55.94      0   107693   19.94   39.84      0
   0:   4294967296    1073741824     float     sum      -1   125711   34.17   68.26      0   122915   34.94   69.82      0
   0:            8             2     float     sum      -1    83.04    0.00    0.00      0    80.96    0.00    0.00      0
   0:           16             4     float     sum      -1    80.33    0.00    0.00      0    79.75    0.00    0.00      0
   0:           32             8     float     sum      -1    80.25    0.00    0.00      0    80.05    0.00    0.00      0
   0:           64            16     float     sum      -1    87.43    0.00    0.00      0    86.78    0.00    0.00      0
   0:          128            32     float     sum      -1    195.2    0.00    0.00      0    193.3    0.00    0.00      0
   0:          256            64     float     sum      -1    204.4    0.00    0.00      0    194.1    0.00    0.00      0
   0:          512           128     float     sum      -1    199.4    0.00    0.01      0    202.7    0.00    0.01      0
   0:         1024           256     float     sum      -1    203.3    0.01    0.01      0    203.4    0.01    0.01      0
   0:         2048           512     float     sum      -1    214.9    0.01    0.02      0    210.5    0.01    0.02      0
   0:         4096          1024     float     sum      -1    227.2    0.02    0.04      0    225.2    0.02    0.04      0
   0:         8192          2048     float     sum      -1    232.2    0.04    0.07      0    229.1    0.04    0.07      0
   0:        16384          4096     float     sum      -1    252.1    0.06    0.13      0    247.8    0.07    0.13      0
   0:        32768          8192     float     sum      -1    250.3    0.13    0.26      0    253.2    0.13    0.26      0
   0:        65536         16384     float     sum      -1    334.4    0.20    0.39      0    325.7    0.20    0.40      0
   0:       131072         32768     float     sum      -1    444.2    0.30    0.59      0    461.0    0.28    0.57      0
   0:       262144         65536     float     sum      -1    643.4    0.41    0.81      0    638.6    0.41    0.82      0
   0:       524288        131072     float     sum      -1    711.8    0.74    1.47      0    681.2    0.77    1.54      0
   0:      1048576        262144     float     sum      -1    761.4    1.38    2.75      0    754.8    1.39    2.78      0
   0:      2097152        524288     float     sum      -1   1135.6    1.85    3.69      0   1116.0    1.88    3.75      0
   0:      4194304       1048576     float     sum      -1   1775.0    2.36    4.72      0   1803.3    2.33    4.65      0
   0:      8388608       2097152     float     sum      -1   1991.9    4.21    8.41      0   1949.5    4.30    8.60      0
   0:     16777216       4194304     float     sum      -1   2533.7    6.62   13.23      0   2369.4    7.08   14.15      0
   0:     33554432       8388608     float     sum      -1   3028.4   11.08   22.14      0   3106.2   10.80   21.58      0
   0:     67108864      16777216     float     sum      -1   4223.0   15.89   31.75      0   4142.5   16.20   32.37      0
   0:    134217728      33554432     float     sum      -1   5623.4   23.87   47.69      0   5682.9   23.62   47.19      0
   0:    268435456      67108864     float     sum      -1   9439.6   28.44   56.82      0   9457.7   28.38   56.71      0
   0:    536870912     134217728     float     sum      -1    23062   23.28   46.51      0    24785   21.66   43.28      0
   0:   1073741824     268435456     float     sum      -1    50360   21.32   42.60      0    50748   21.16   42.28      0
   0:   2147483648     536870912     float     sum      -1   109700   19.58   39.11      0    93190   23.04   46.04      0
   0:   4294967296    1073741824     float     sum      -1   121772   35.27   70.47      0   121344   35.39   70.72      0
   0:            8             2     float     sum      -1    82.69    0.00    0.00      0    82.87    0.00    0.00      0
   0:           16             4     float     sum      -1    80.06    0.00    0.00      0    79.07    0.00    0.00      0
   0:           32             8     float     sum      -1    86.63    0.00    0.00      0    80.08    0.00    0.00      0
   0:           64            16     float     sum      -1    87.09    0.00    0.00      0    88.43    0.00    0.00      0
   0:          128            32     float     sum      -1    194.8    0.00    0.00      0    193.2    0.00    0.00      0
   0:          256            64     float     sum      -1    207.9    0.00    0.00      0    199.5    0.00    0.00      0
   0:          512           128     float     sum      -1    200.7    0.00    0.01      0    196.2    0.00    0.01      0
   0:         1024           256     float     sum      -1    204.3    0.01    0.01      0    202.1    0.01    0.01      0
   0:         2048           512     float     sum      -1    211.0    0.01    0.02      0    209.4    0.01    0.02      0
   0:         4096          1024     float     sum      -1    226.9    0.02    0.04      0    224.1    0.02    0.04      0
   0:         8192          2048     float     sum      -1    230.6    0.04    0.07      0    228.4    0.04    0.07      0
   0:        16384          4096     float     sum      -1    239.6    0.07    0.14      0    242.1    0.07    0.14      0
   0:        32768          8192     float     sum      -1    242.1    0.14    0.27      0    238.2    0.14    0.27      0
   0:        65536         16384     float     sum      -1    313.3    0.21    0.42      0    306.6    0.21    0.43      0
   0:       131072         32768     float     sum      -1    456.4    0.29    0.57      0    461.7    0.28    0.57      0
   0:       262144         65536     float     sum      -1    557.5    0.47    0.94      0    638.3    0.41    0.82      0
   0:       524288        131072     float     sum      -1    623.5    0.84    1.68      0    640.2    0.82    1.64      0
   0:      1048576        262144     float     sum      -1    744.3    1.41    2.81      0    728.3    1.44    2.88      0
   0:      2097152        524288     float     sum      -1   1118.4    1.88    3.75      0   1109.1    1.89    3.78      0
   0:      4194304       1048576     float     sum      -1   1769.0    2.37    4.74      0   1824.9    2.30    4.59      0
   0:      8388608       2097152     float     sum      -1   1903.4    4.41    8.81      0   1915.4    4.38    8.75      0
   0:     16777216       4194304     float     sum      -1   2319.3    7.23   14.45      0   2378.2    7.05   14.10      0
   0:     33554432       8388608     float     sum      -1   2898.4   11.58   23.13      0   2916.2   11.51   22.99      0
   0:     67108864      16777216     float     sum      -1   3795.1   17.68   35.33      0   3700.1   18.14   36.24      0
   0:    134217728      33554432     float     sum      -1   5511.5   24.35   48.66      0   5543.1   24.21   48.38      0
   0:    268435456      67108864     float     sum      -1   9091.9   29.52   58.99      0   9043.7   29.68   59.31      0
   0:    536870912     134217728     float     sum      -1    16159   33.22   66.38      0    17296   31.04   62.02      0
   0:   1073741824     268435456     float     sum      -1    33646   31.91   63.76      0    33310   32.24   64.41      0
   0:   2147483648     536870912     float     sum      -1    66317   32.38   64.70      0    65762   32.66   65.25      0
   0:   4294967296    1073741824     float     sum      -1   124958   34.37   68.68      0   124545   34.49   68.90      0
   0:            8             2     float     sum      -1    82.49    0.00    0.00      0    80.35    0.00    0.00      0
   0:           16             4     float     sum      -1    80.19    0.00    0.00      0    79.93    0.00    0.00      0
   0:           32             8     float     sum      -1    79.94    0.00    0.00      0    79.90    0.00    0.00      0
   0:           64            16     float     sum      -1    96.13    0.00    0.00      0    87.36    0.00    0.00      0
   0:          128            32     float     sum      -1    195.3    0.00    0.00      0    202.6    0.00    0.00      0
   0:          256            64     float     sum      -1    203.2    0.00    0.00      0    194.5    0.00    0.00      0
   0:          512           128     float     sum      -1    199.5    0.00    0.01      0    197.0    0.00    0.01      0
   0:         1024           256     float     sum      -1    204.1    0.01    0.01      0    202.5    0.01    0.01      0
   0:         2048           512     float     sum      -1    216.2    0.01    0.02      0    210.7    0.01    0.02      0
   0:         4096          1024     float     sum      -1    228.2    0.02    0.04      0    224.2    0.02    0.04      0
   0:         8192          2048     float     sum      -1    231.9    0.04    0.07      0    233.6    0.04    0.07      0
   0:        16384          4096     float     sum      -1    243.7    0.07    0.13      0    245.6    0.07    0.13      0
   0:        32768          8192     float     sum      -1    241.8    0.14    0.27      0    243.6    0.13    0.27      0
   0:        65536         16384     float     sum      -1    326.2    0.20    0.40      0    321.3    0.20    0.41      0
   0:       131072         32768     float     sum      -1    497.6    0.26    0.53      0    470.8    0.28    0.56      0
   0:       262144         65536     float     sum      -1    646.4    0.41    0.81      0    665.7    0.39    0.79      0
   0:       524288        131072     float     sum      -1    674.7    0.78    1.55      0    672.6    0.78    1.56      0
   0:      1048576        262144     float     sum      -1    774.9    1.35    2.70      0    779.7    1.34    2.69      0
   0:      2097152        524288     float     sum      -1   1185.8    1.77    3.53      0   1214.4    1.73    3.45      0
   0:      4194304       1048576     float     sum      -1   2593.6    1.62    3.23      0   2880.0    1.46    2.91      0
   0:      8388608       2097152     float     sum      -1   3064.6    2.74    5.47      0   2835.4    2.96    5.91      0
   0:     16777216       4194304     float     sum      -1   3530.6    4.75    9.49      0   3317.3    5.06   10.11      0
   0:     33554432       8388608     float     sum      -1   4508.4    7.44   14.87      0   4361.7    7.69   15.37      0
   0:     67108864      16777216     float     sum      -1   6223.3   10.78   21.55      0   6431.6   10.43   20.85      0
   0:    134217728      33554432     float     sum      -1   8522.8   15.75   31.47      0   8596.9   15.61   31.19      0
   0:    268435456      67108864     float     sum      -1    13809   19.44   38.84      0    13534   19.83   39.63      0
   0:    536870912     134217728     float     sum      -1    24144   22.24   44.43      0    23770   22.59   45.13      0
   0:   1073741824     268435456     float     sum      -1    49750   21.58   43.12      0    49793   21.56   43.09      0
   0:   2147483648     536870912     float     sum      -1   109593   19.60   39.15      0   107334   20.01   39.98      0
   0:   4294967296    1073741824     float     sum      -1   131805   32.59   65.11      0   136083   31.56   63.06      0
   0:            8             2     float     sum      -1    88.47    0.00    0.00      0    80.72    0.00    0.00      0
   0:           16             4     float     sum      -1    79.90    0.00    0.00      0    79.89    0.00    0.00      0
   0:           32             8     float     sum      -1    80.06    0.00    0.00      0    79.56    0.00    0.00      0
   0:           64            16     float     sum      -1    87.24    0.00    0.00      0    86.79    0.00    0.00      0
   0:          128            32     float     sum      -1    194.5    0.00    0.00      0    192.5    0.00    0.00      0
   0:          256            64     float     sum      -1    203.7    0.00    0.00      0    194.7    0.00    0.00      0
   0:          512           128     float     sum      -1    201.8    0.00    0.01      0    198.0    0.00    0.01      0
   0:         1024           256     float     sum      -1    203.4    0.01    0.01      0    202.0    0.01    0.01      0
   0:         2048           512     float     sum      -1    210.2    0.01    0.02      0    209.9    0.01    0.02      0
   0:         4096          1024     float     sum      -1    228.1    0.02    0.04      0    224.2    0.02    0.04      0
   0:         8192          2048     float     sum      -1    231.3    0.04    0.07      0    227.4    0.04    0.07      0
   0:        16384          4096     float     sum      -1    246.8    0.07    0.13      0    240.9    0.07    0.14      0
   0:        32768          8192     float     sum      -1    255.1    0.13    0.26      0    258.6    0.13    0.25      0
   0:        65536         16384     float     sum      -1    333.0    0.20    0.39      0    339.5    0.19    0.39      0
   0:       131072         32768     float     sum      -1    464.3    0.28    0.56      0    483.4    0.27    0.54      0
   0:       262144         65536     float     sum      -1    636.3    0.41    0.82      0    632.0    0.41    0.83      0
   0:       524288        131072     float     sum      -1    777.4    0.67    1.35      0    768.1    0.68    1.36      0
   0:      1048576        262144     float     sum      -1    817.1    1.28    2.56      0   1007.8    1.04    2.08      0
   0:      2097152        524288     float     sum      -1   1419.8    1.48    2.95      0   1502.8    1.40    2.79      0
   0:      4194304       1048576     float     sum      -1   2022.8    2.07    4.14      0   2441.4    1.72    3.43      0
   0:      8388608       2097152     float     sum      -1   2805.8    2.99    5.97      0   2849.2    2.94    5.88      0
   0:     16777216       4194304     float     sum      -1   3639.6    4.61    9.21      0   3499.8    4.79    9.58      0
   0:     33554432       8388608     float     sum      -1   4717.7    7.11   14.21      0   4671.5    7.18   14.35      0
   0:     67108864      16777216     float     sum      -1   6029.9   11.13   22.24      0   5990.5   11.20   22.38      0
   0:    134217728      33554432     float     sum      -1   8389.2   16.00   31.97      0   8686.2   15.45   30.87      0
   0:    268435456      67108864     float     sum      -1    13615   19.72   39.39      0    12937   20.75   41.46      0
   0:    536870912     134217728     float     sum      -1    23538   22.81   45.57      0    23261   23.08   46.11      0
   0:   1073741824     268435456     float     sum      -1    48684   22.06   44.07      0    49350   21.76   43.47      0
   0:   2147483648     536870912     float     sum      -1    74495   28.83   57.60      0    63047   34.06   68.06      0
   0:   4294967296    1073741824     float     sum      -1   122333   35.11   70.15      0   121791   35.27   70.46      0
   0:            8             2     float     sum      -1    83.46    0.00    0.00      0    80.07    0.00    0.00      0
   0:           16             4     float     sum      -1    79.64    0.00    0.00      0    80.30    0.00    0.00      0
   0:           32             8     float     sum      -1    80.00    0.00    0.00      0    80.34    0.00    0.00      0
   0:           64            16     float     sum      -1    86.90    0.00    0.00      0    86.73    0.00    0.00      0
   0:          128            32     float     sum      -1    196.0    0.00    0.00      0    192.3    0.00    0.00      0
   0:          256            64     float     sum      -1    204.2    0.00    0.00      0    194.4    0.00    0.00      0
   0:          512           128     float     sum      -1    200.8    0.00    0.01      0    197.6    0.00    0.01      0
   0:         1024           256     float     sum      -1    204.5    0.01    0.01      0    201.8    0.01    0.01      0
   0:         2048           512     float     sum      -1    210.8    0.01    0.02      0    209.0    0.01    0.02      0
   0:         4096          1024     float     sum      -1    227.8    0.02    0.04      0    225.6    0.02    0.04      0
   0:         8192          2048     float     sum      -1    231.4    0.04    0.07      0    234.0    0.04    0.07      0
   0:        16384          4096     float     sum      -1    237.8    0.07    0.14      0    236.3    0.07    0.14      0
   0:        32768          8192     float     sum      -1    251.1    0.13    0.26      0    245.3    0.13    0.27      0
   0:        65536         16384     float     sum      -1    312.4    0.21    0.42      0    317.5    0.21    0.41      0
   0:       131072         32768     float     sum      -1    453.8    0.29    0.58      0    477.0    0.27    0.55      0
   0:       262144         65536     float     sum      -1    646.0    0.41    0.81      0    536.2    0.49    0.98      0
   0:       524288        131072     float     sum      -1    609.5    0.86    1.72      0    601.9    0.87    1.74      0
   0:      1048576        262144     float     sum      -1    755.4    1.39    2.77      0    729.8    1.44    2.87      0
   0:      2097152        524288     float     sum      -1   1114.7    1.88    3.76      0   1089.1    1.93    3.85      0
   0:      4194304       1048576     float     sum      -1   1791.7    2.34    4.68      0   1783.6    2.35    4.70      0
   0:      8388608       2097152     float     sum      -1   1925.4    4.36    8.71      0   1869.1    4.49    8.97      0
   0:     16777216       4194304     float     sum      -1   2288.2    7.33   14.65      0   2321.1    7.23   14.44      0
   0:     33554432       8388608     float     sum      -1   2931.5   11.45   22.87      0   2971.0   11.29   22.57      0
   0:     67108864      16777216     float     sum      -1   3761.4   17.84   35.65      0   4239.2   15.83   31.63      0
   0:    134217728      33554432     float     sum      -1   5572.0   24.09   48.13      0   5837.4   22.99   45.94      0
   0:    268435456      67108864     float     sum      -1    10100   26.58   53.10      0    10254   26.18   52.31      0
   0:    536870912     134217728     float     sum      -1    18616   28.84   57.62      0    17396   30.86   61.66      0
   0:   1073741824     268435456     float     sum      -1    34000   31.58   63.10      0    32610   32.93   65.79      0
   0:   2147483648     536870912     float     sum      -1    63076   34.05   68.03      0    63146   34.01   67.95      0
   0:   4294967296    1073741824     float     sum      -1   122538   35.05   70.03      0   122506   35.06   70.05      0
   0: # Out of bounds values : 0 OK
   0: # Avg bus bandwidth    : 12.9198 
   0: #
   0: 
