   0: # nThread 1 nGpus 1 minBytes 8 maxBytes 4294967296 step: 2(factor) warmup iters: 8 iters: 24 agg iters: 1 validation: 1 graph: 0
   0: #
   0: # Using devices
   0: #  Rank  0 Group  0 Pid  41423 on  nid005560 device  0 [0009:01:00] NVIDIA GH200 120GB
   0: #  Rank  1 Group  0 Pid  41424 on  nid005560 device  0 [0019:01:00] NVIDIA GH200 120GB
   0: #  Rank  2 Group  0 Pid  41425 on  nid005560 device  0 [0029:01:00] NVIDIA GH200 120GB
   0: #  Rank  3 Group  0 Pid  41426 on  nid005560 device  0 [0039:01:00] NVIDIA GH200 120GB
   0: #  Rank  4 Group  0 Pid  42726 on  nid005561 device  0 [0009:01:00] NVIDIA GH200 120GB
   0: #  Rank  5 Group  0 Pid  42727 on  nid005561 device  0 [0019:01:00] NVIDIA GH200 120GB
   0: #  Rank  6 Group  0 Pid  42728 on  nid005561 device  0 [0029:01:00] NVIDIA GH200 120GB
   0: #  Rank  7 Group  0 Pid  42729 on  nid005561 device  0 [0039:01:00] NVIDIA GH200 120GB
   0: #  Rank  8 Group  0 Pid  36510 on  nid005562 device  0 [0009:01:00] NVIDIA GH200 120GB
   0: #  Rank  9 Group  0 Pid  36511 on  nid005562 device  0 [0019:01:00] NVIDIA GH200 120GB
   0: #  Rank 10 Group  0 Pid  36512 on  nid005562 device  0 [0029:01:00] NVIDIA GH200 120GB
   0: #  Rank 11 Group  0 Pid  36513 on  nid005562 device  0 [0039:01:00] NVIDIA GH200 120GB
   0: #  Rank 12 Group  0 Pid  34195 on  nid005563 device  0 [0009:01:00] NVIDIA GH200 120GB
   0: #  Rank 13 Group  0 Pid  34196 on  nid005563 device  0 [0019:01:00] NVIDIA GH200 120GB
   0: #  Rank 14 Group  0 Pid  34197 on  nid005563 device  0 [0029:01:00] NVIDIA GH200 120GB
   0: #  Rank 15 Group  0 Pid  34198 on  nid005563 device  0 [0039:01:00] NVIDIA GH200 120GB
   0: #  Rank 16 Group  0 Pid  21312 on  nid005564 device  0 [0009:01:00] NVIDIA GH200 120GB
   0: #  Rank 17 Group  0 Pid  21313 on  nid005564 device  0 [0019:01:00] NVIDIA GH200 120GB
   0: #  Rank 18 Group  0 Pid  21314 on  nid005564 device  0 [0029:01:00] NVIDIA GH200 120GB
   0: #  Rank 19 Group  0 Pid  21315 on  nid005564 device  0 [0039:01:00] NVIDIA GH200 120GB
   0: #  Rank 20 Group  0 Pid  54588 on  nid005565 device  0 [0009:01:00] NVIDIA GH200 120GB
   0: #  Rank 21 Group  0 Pid  54589 on  nid005565 device  0 [0019:01:00] NVIDIA GH200 120GB
   0: #  Rank 22 Group  0 Pid  54590 on  nid005565 device  0 [0029:01:00] NVIDIA GH200 120GB
   0: #  Rank 23 Group  0 Pid  54591 on  nid005565 device  0 [0039:01:00] NVIDIA GH200 120GB
   0: #  Rank 24 Group  0 Pid  11574 on  nid005566 device  0 [0009:01:00] NVIDIA GH200 120GB
   0: #  Rank 25 Group  0 Pid  11575 on  nid005566 device  0 [0019:01:00] NVIDIA GH200 120GB
   0: #  Rank 26 Group  0 Pid  11576 on  nid005566 device  0 [0029:01:00] NVIDIA GH200 120GB
   0: #  Rank 27 Group  0 Pid  11577 on  nid005566 device  0 [0039:01:00] NVIDIA GH200 120GB
   0: #  Rank 28 Group  0 Pid  19313 on  nid005567 device  0 [0009:01:00] NVIDIA GH200 120GB
   0: #  Rank 29 Group  0 Pid  19314 on  nid005567 device  0 [0019:01:00] NVIDIA GH200 120GB
   0: #  Rank 30 Group  0 Pid  19315 on  nid005567 device  0 [0029:01:00] NVIDIA GH200 120GB
   0: #  Rank 31 Group  0 Pid  19316 on  nid005567 device  0 [0039:01:00] NVIDIA GH200 120GB
   0: #  Rank 32 Group  0 Pid  29270 on  nid005568 device  0 [0009:01:00] NVIDIA GH200 120GB
   0: #  Rank 33 Group  0 Pid  29271 on  nid005568 device  0 [0019:01:00] NVIDIA GH200 120GB
   0: #  Rank 34 Group  0 Pid  29272 on  nid005568 device  0 [0029:01:00] NVIDIA GH200 120GB
   0: #  Rank 35 Group  0 Pid  29273 on  nid005568 device  0 [0039:01:00] NVIDIA GH200 120GB
   0: #  Rank 36 Group  0 Pid 160967 on  nid005569 device  0 [0009:01:00] NVIDIA GH200 120GB
   0: #  Rank 37 Group  0 Pid 160968 on  nid005569 device  0 [0019:01:00] NVIDIA GH200 120GB
   0: #  Rank 38 Group  0 Pid 160969 on  nid005569 device  0 [0029:01:00] NVIDIA GH200 120GB
   0: #  Rank 39 Group  0 Pid 160970 on  nid005569 device  0 [0039:01:00] NVIDIA GH200 120GB
   0: #  Rank 40 Group  0 Pid  28614 on  nid005570 device  0 [0009:01:00] NVIDIA GH200 120GB
   0: #  Rank 41 Group  0 Pid  28615 on  nid005570 device  0 [0019:01:00] NVIDIA GH200 120GB
   0: #  Rank 42 Group  0 Pid  28616 on  nid005570 device  0 [0029:01:00] NVIDIA GH200 120GB
   0: #  Rank 43 Group  0 Pid  28617 on  nid005570 device  0 [0039:01:00] NVIDIA GH200 120GB
   0: #  Rank 44 Group  0 Pid 195461 on  nid005571 device  0 [0009:01:00] NVIDIA GH200 120GB
   0: #  Rank 45 Group  0 Pid 195462 on  nid005571 device  0 [0019:01:00] NVIDIA GH200 120GB
   0: #  Rank 46 Group  0 Pid 195463 on  nid005571 device  0 [0029:01:00] NVIDIA GH200 120GB
   0: #  Rank 47 Group  0 Pid 195464 on  nid005571 device  0 [0039:01:00] NVIDIA GH200 120GB
   0: #  Rank 48 Group  0 Pid 294861 on  nid005572 device  0 [0009:01:00] NVIDIA GH200 120GB
   0: #  Rank 49 Group  0 Pid 294862 on  nid005572 device  0 [0019:01:00] NVIDIA GH200 120GB
   0: #  Rank 50 Group  0 Pid 294863 on  nid005572 device  0 [0029:01:00] NVIDIA GH200 120GB
   0: #  Rank 51 Group  0 Pid 294864 on  nid005572 device  0 [0039:01:00] NVIDIA GH200 120GB
   0: #  Rank 52 Group  0 Pid  65198 on  nid005573 device  0 [0009:01:00] NVIDIA GH200 120GB
   0: #  Rank 53 Group  0 Pid  65199 on  nid005573 device  0 [0019:01:00] NVIDIA GH200 120GB
   0: #  Rank 54 Group  0 Pid  65200 on  nid005573 device  0 [0029:01:00] NVIDIA GH200 120GB
   0: #  Rank 55 Group  0 Pid  65201 on  nid005573 device  0 [0039:01:00] NVIDIA GH200 120GB
   0: #  Rank 56 Group  0 Pid  24395 on  nid005574 device  0 [0009:01:00] NVIDIA GH200 120GB
   0: #  Rank 57 Group  0 Pid  24396 on  nid005574 device  0 [0019:01:00] NVIDIA GH200 120GB
   0: #  Rank 58 Group  0 Pid  24397 on  nid005574 device  0 [0029:01:00] NVIDIA GH200 120GB
   0: #  Rank 59 Group  0 Pid  24398 on  nid005574 device  0 [0039:01:00] NVIDIA GH200 120GB
   0: #  Rank 60 Group  0 Pid  51775 on  nid005575 device  0 [0009:01:00] NVIDIA GH200 120GB
   0: #  Rank 61 Group  0 Pid  51776 on  nid005575 device  0 [0019:01:00] NVIDIA GH200 120GB
   0: #  Rank 62 Group  0 Pid  51777 on  nid005575 device  0 [0029:01:00] NVIDIA GH200 120GB
   0: #  Rank 63 Group  0 Pid  51778 on  nid005575 device  0 [0039:01:00] NVIDIA GH200 120GB
   0: #  Rank 64 Group  0 Pid  48763 on  nid005576 device  0 [0009:01:00] NVIDIA GH200 120GB
   0: #  Rank 65 Group  0 Pid  48764 on  nid005576 device  0 [0019:01:00] NVIDIA GH200 120GB
   0: #  Rank 66 Group  0 Pid  48765 on  nid005576 device  0 [0029:01:00] NVIDIA GH200 120GB
   0: #  Rank 67 Group  0 Pid  48766 on  nid005576 device  0 [0039:01:00] NVIDIA GH200 120GB
   0: #  Rank 68 Group  0 Pid  19160 on  nid005577 device  0 [0009:01:00] NVIDIA GH200 120GB
   0: #  Rank 69 Group  0 Pid  19161 on  nid005577 device  0 [0019:01:00] NVIDIA GH200 120GB
   0: #  Rank 70 Group  0 Pid  19162 on  nid005577 device  0 [0029:01:00] NVIDIA GH200 120GB
   0: #  Rank 71 Group  0 Pid  19163 on  nid005577 device  0 [0039:01:00] NVIDIA GH200 120GB
   0: #  Rank 72 Group  0 Pid  34575 on  nid005578 device  0 [0009:01:00] NVIDIA GH200 120GB
   0: #  Rank 73 Group  0 Pid  34576 on  nid005578 device  0 [0019:01:00] NVIDIA GH200 120GB
   0: #  Rank 74 Group  0 Pid  34577 on  nid005578 device  0 [0029:01:00] NVIDIA GH200 120GB
   0: #  Rank 75 Group  0 Pid  34578 on  nid005578 device  0 [0039:01:00] NVIDIA GH200 120GB
   0: #  Rank 76 Group  0 Pid  13278 on  nid005579 device  0 [0009:01:00] NVIDIA GH200 120GB
   0: #  Rank 77 Group  0 Pid  13279 on  nid005579 device  0 [0019:01:00] NVIDIA GH200 120GB
   0: #  Rank 78 Group  0 Pid  13280 on  nid005579 device  0 [0029:01:00] NVIDIA GH200 120GB
   0: #  Rank 79 Group  0 Pid  13281 on  nid005579 device  0 [0039:01:00] NVIDIA GH200 120GB
   0: #  Rank 80 Group  0 Pid  24067 on  nid005580 device  0 [0009:01:00] NVIDIA GH200 120GB
   0: #  Rank 81 Group  0 Pid  24068 on  nid005580 device  0 [0019:01:00] NVIDIA GH200 120GB
   0: #  Rank 82 Group  0 Pid  24069 on  nid005580 device  0 [0029:01:00] NVIDIA GH200 120GB
   0: #  Rank 83 Group  0 Pid  24070 on  nid005580 device  0 [0039:01:00] NVIDIA GH200 120GB
   0: #  Rank 84 Group  0 Pid 279220 on  nid005581 device  0 [0009:01:00] NVIDIA GH200 120GB
   0: #  Rank 85 Group  0 Pid 279221 on  nid005581 device  0 [0019:01:00] NVIDIA GH200 120GB
   0: #  Rank 86 Group  0 Pid 279222 on  nid005581 device  0 [0029:01:00] NVIDIA GH200 120GB
   0: #  Rank 87 Group  0 Pid 279223 on  nid005581 device  0 [0039:01:00] NVIDIA GH200 120GB
   0: #  Rank 88 Group  0 Pid  31803 on  nid005582 device  0 [0009:01:00] NVIDIA GH200 120GB
   0: #  Rank 89 Group  0 Pid  31804 on  nid005582 device  0 [0019:01:00] NVIDIA GH200 120GB
   0: #  Rank 90 Group  0 Pid  31805 on  nid005582 device  0 [0029:01:00] NVIDIA GH200 120GB
   0: #  Rank 91 Group  0 Pid  31806 on  nid005582 device  0 [0039:01:00] NVIDIA GH200 120GB
   0: #  Rank 92 Group  0 Pid  18021 on  nid005583 device  0 [0009:01:00] NVIDIA GH200 120GB
   0: #  Rank 93 Group  0 Pid  18022 on  nid005583 device  0 [0019:01:00] NVIDIA GH200 120GB
   0: #  Rank 94 Group  0 Pid  18023 on  nid005583 device  0 [0029:01:00] NVIDIA GH200 120GB
   0: #  Rank 95 Group  0 Pid  18024 on  nid005583 device  0 [0039:01:00] NVIDIA GH200 120GB
   0: #  Rank 96 Group  0 Pid 149357 on  nid005584 device  0 [0009:01:00] NVIDIA GH200 120GB
   0: #  Rank 97 Group  0 Pid 149358 on  nid005584 device  0 [0019:01:00] NVIDIA GH200 120GB
   0: #  Rank 98 Group  0 Pid 149359 on  nid005584 device  0 [0029:01:00] NVIDIA GH200 120GB
   0: #  Rank 99 Group  0 Pid 149360 on  nid005584 device  0 [0039:01:00] NVIDIA GH200 120GB
   0: #  Rank 100 Group  0 Pid  27049 on  nid005585 device  0 [0009:01:00] NVIDIA GH200 120GB
   0: #  Rank 101 Group  0 Pid  27050 on  nid005585 device  0 [0019:01:00] NVIDIA GH200 120GB
   0: #  Rank 102 Group  0 Pid  27051 on  nid005585 device  0 [0029:01:00] NVIDIA GH200 120GB
   0: #  Rank 103 Group  0 Pid  27052 on  nid005585 device  0 [0039:01:00] NVIDIA GH200 120GB
   0: #  Rank 104 Group  0 Pid  22320 on  nid005586 device  0 [0009:01:00] NVIDIA GH200 120GB
   0: #  Rank 105 Group  0 Pid  22321 on  nid005586 device  0 [0019:01:00] NVIDIA GH200 120GB
   0: #  Rank 106 Group  0 Pid  22322 on  nid005586 device  0 [0029:01:00] NVIDIA GH200 120GB
   0: #  Rank 107 Group  0 Pid  22323 on  nid005586 device  0 [0039:01:00] NVIDIA GH200 120GB
   0: #  Rank 108 Group  0 Pid  13691 on  nid005587 device  0 [0009:01:00] NVIDIA GH200 120GB
   0: #  Rank 109 Group  0 Pid  13692 on  nid005587 device  0 [0019:01:00] NVIDIA GH200 120GB
   0: #  Rank 110 Group  0 Pid  13693 on  nid005587 device  0 [0029:01:00] NVIDIA GH200 120GB
   0: #  Rank 111 Group  0 Pid  13694 on  nid005587 device  0 [0039:01:00] NVIDIA GH200 120GB
   0: #  Rank 112 Group  0 Pid  19443 on  nid005588 device  0 [0009:01:00] NVIDIA GH200 120GB
   0: #  Rank 113 Group  0 Pid  19444 on  nid005588 device  0 [0019:01:00] NVIDIA GH200 120GB
   0: #  Rank 114 Group  0 Pid  19445 on  nid005588 device  0 [0029:01:00] NVIDIA GH200 120GB
   0: #  Rank 115 Group  0 Pid  19446 on  nid005588 device  0 [0039:01:00] NVIDIA GH200 120GB
   0: #  Rank 116 Group  0 Pid  67162 on  nid005589 device  0 [0009:01:00] NVIDIA GH200 120GB
   0: #  Rank 117 Group  0 Pid  67163 on  nid005589 device  0 [0019:01:00] NVIDIA GH200 120GB
   0: #  Rank 118 Group  0 Pid  67164 on  nid005589 device  0 [0029:01:00] NVIDIA GH200 120GB
   0: #  Rank 119 Group  0 Pid  67165 on  nid005589 device  0 [0039:01:00] NVIDIA GH200 120GB
   0: #  Rank 120 Group  0 Pid  37771 on  nid005590 device  0 [0009:01:00] NVIDIA GH200 120GB
   0: #  Rank 121 Group  0 Pid  37772 on  nid005590 device  0 [0019:01:00] NVIDIA GH200 120GB
   0: #  Rank 122 Group  0 Pid  37773 on  nid005590 device  0 [0029:01:00] NVIDIA GH200 120GB
   0: #  Rank 123 Group  0 Pid  37774 on  nid005590 device  0 [0039:01:00] NVIDIA GH200 120GB
   0: #  Rank 124 Group  0 Pid 100240 on  nid005591 device  0 [0009:01:00] NVIDIA GH200 120GB
   0: #  Rank 125 Group  0 Pid 100241 on  nid005591 device  0 [0019:01:00] NVIDIA GH200 120GB
   0: #  Rank 126 Group  0 Pid 100242 on  nid005591 device  0 [0029:01:00] NVIDIA GH200 120GB
   0: #  Rank 127 Group  0 Pid 100243 on  nid005591 device  0 [0039:01:00] NVIDIA GH200 120GB
   0: #  Rank 128 Group  0 Pid  47846 on  nid005592 device  0 [0009:01:00] NVIDIA GH200 120GB
   0: #  Rank 129 Group  0 Pid  47847 on  nid005592 device  0 [0019:01:00] NVIDIA GH200 120GB
   0: #  Rank 130 Group  0 Pid  47848 on  nid005592 device  0 [0029:01:00] NVIDIA GH200 120GB
   0: #  Rank 131 Group  0 Pid  47849 on  nid005592 device  0 [0039:01:00] NVIDIA GH200 120GB
   0: #  Rank 132 Group  0 Pid 241754 on  nid005596 device  0 [0009:01:00] NVIDIA GH200 120GB
   0: #  Rank 133 Group  0 Pid 241755 on  nid005596 device  0 [0019:01:00] NVIDIA GH200 120GB
   0: #  Rank 134 Group  0 Pid 241756 on  nid005596 device  0 [0029:01:00] NVIDIA GH200 120GB
   0: #  Rank 135 Group  0 Pid 241757 on  nid005596 device  0 [0039:01:00] NVIDIA GH200 120GB
   0: #  Rank 136 Group  0 Pid  59310 on  nid005597 device  0 [0009:01:00] NVIDIA GH200 120GB
   0: #  Rank 137 Group  0 Pid  59311 on  nid005597 device  0 [0019:01:00] NVIDIA GH200 120GB
   0: #  Rank 138 Group  0 Pid  59312 on  nid005597 device  0 [0029:01:00] NVIDIA GH200 120GB
   0: #  Rank 139 Group  0 Pid  59313 on  nid005597 device  0 [0039:01:00] NVIDIA GH200 120GB
   0: #  Rank 140 Group  0 Pid  49073 on  nid005598 device  0 [0009:01:00] NVIDIA GH200 120GB
   0: #  Rank 141 Group  0 Pid  49074 on  nid005598 device  0 [0019:01:00] NVIDIA GH200 120GB
   0: #  Rank 142 Group  0 Pid  49075 on  nid005598 device  0 [0029:01:00] NVIDIA GH200 120GB
   0: #  Rank 143 Group  0 Pid  49076 on  nid005598 device  0 [0039:01:00] NVIDIA GH200 120GB
   0: #  Rank 144 Group  0 Pid  38332 on  nid005599 device  0 [0009:01:00] NVIDIA GH200 120GB
   0: #  Rank 145 Group  0 Pid  38333 on  nid005599 device  0 [0019:01:00] NVIDIA GH200 120GB
   0: #  Rank 146 Group  0 Pid  38334 on  nid005599 device  0 [0029:01:00] NVIDIA GH200 120GB
   0: #  Rank 147 Group  0 Pid  38335 on  nid005599 device  0 [0039:01:00] NVIDIA GH200 120GB
   0: #  Rank 148 Group  0 Pid 285902 on  nid005600 device  0 [0009:01:00] NVIDIA GH200 120GB
   0: #  Rank 149 Group  0 Pid 285903 on  nid005600 device  0 [0019:01:00] NVIDIA GH200 120GB
   0: #  Rank 150 Group  0 Pid 285904 on  nid005600 device  0 [0029:01:00] NVIDIA GH200 120GB
   0: #  Rank 151 Group  0 Pid 285905 on  nid005600 device  0 [0039:01:00] NVIDIA GH200 120GB
   0: #  Rank 152 Group  0 Pid  33065 on  nid005601 device  0 [0009:01:00] NVIDIA GH200 120GB
   0: #  Rank 153 Group  0 Pid  33066 on  nid005601 device  0 [0019:01:00] NVIDIA GH200 120GB
   0: #  Rank 154 Group  0 Pid  33067 on  nid005601 device  0 [0029:01:00] NVIDIA GH200 120GB
   0: #  Rank 155 Group  0 Pid  33068 on  nid005601 device  0 [0039:01:00] NVIDIA GH200 120GB
   0: #  Rank 156 Group  0 Pid  72972 on  nid005603 device  0 [0009:01:00] NVIDIA GH200 120GB
   0: #  Rank 157 Group  0 Pid  72973 on  nid005603 device  0 [0019:01:00] NVIDIA GH200 120GB
   0: #  Rank 158 Group  0 Pid  72974 on  nid005603 device  0 [0029:01:00] NVIDIA GH200 120GB
   0: #  Rank 159 Group  0 Pid  72975 on  nid005603 device  0 [0039:01:00] NVIDIA GH200 120GB
   0: #  Rank 160 Group  0 Pid 293331 on  nid005604 device  0 [0009:01:00] NVIDIA GH200 120GB
   0: #  Rank 161 Group  0 Pid 293332 on  nid005604 device  0 [0019:01:00] NVIDIA GH200 120GB
   0: #  Rank 162 Group  0 Pid 293333 on  nid005604 device  0 [0029:01:00] NVIDIA GH200 120GB
   0: #  Rank 163 Group  0 Pid 293334 on  nid005604 device  0 [0039:01:00] NVIDIA GH200 120GB
   0: #  Rank 164 Group  0 Pid 291677 on  nid005605 device  0 [0009:01:00] NVIDIA GH200 120GB
   0: #  Rank 165 Group  0 Pid 291678 on  nid005605 device  0 [0019:01:00] NVIDIA GH200 120GB
   0: #  Rank 166 Group  0 Pid 291679 on  nid005605 device  0 [0029:01:00] NVIDIA GH200 120GB
   0: #  Rank 167 Group  0 Pid 291680 on  nid005605 device  0 [0039:01:00] NVIDIA GH200 120GB
   0: #  Rank 168 Group  0 Pid  33416 on  nid005606 device  0 [0009:01:00] NVIDIA GH200 120GB
   0: #  Rank 169 Group  0 Pid  33417 on  nid005606 device  0 [0019:01:00] NVIDIA GH200 120GB
   0: #  Rank 170 Group  0 Pid  33418 on  nid005606 device  0 [0029:01:00] NVIDIA GH200 120GB
   0: #  Rank 171 Group  0 Pid  33419 on  nid005606 device  0 [0039:01:00] NVIDIA GH200 120GB
   0: #  Rank 172 Group  0 Pid  18893 on  nid005611 device  0 [0009:01:00] NVIDIA GH200 120GB
   0: #  Rank 173 Group  0 Pid  18894 on  nid005611 device  0 [0019:01:00] NVIDIA GH200 120GB
   0: #  Rank 174 Group  0 Pid  18895 on  nid005611 device  0 [0029:01:00] NVIDIA GH200 120GB
   0: #  Rank 175 Group  0 Pid  18896 on  nid005611 device  0 [0039:01:00] NVIDIA GH200 120GB
   0: #  Rank 176 Group  0 Pid 286135 on  nid005616 device  0 [0009:01:00] NVIDIA GH200 120GB
   0: #  Rank 177 Group  0 Pid 286136 on  nid005616 device  0 [0019:01:00] NVIDIA GH200 120GB
   0: #  Rank 178 Group  0 Pid 286137 on  nid005616 device  0 [0029:01:00] NVIDIA GH200 120GB
   0: #  Rank 179 Group  0 Pid 286138 on  nid005616 device  0 [0039:01:00] NVIDIA GH200 120GB
   0: #  Rank 180 Group  0 Pid   3009 on  nid005617 device  0 [0009:01:00] NVIDIA GH200 120GB
   0: #  Rank 181 Group  0 Pid   3010 on  nid005617 device  0 [0019:01:00] NVIDIA GH200 120GB
   0: #  Rank 182 Group  0 Pid   3011 on  nid005617 device  0 [0029:01:00] NVIDIA GH200 120GB
   0: #  Rank 183 Group  0 Pid   3012 on  nid005617 device  0 [0039:01:00] NVIDIA GH200 120GB
   0: #  Rank 184 Group  0 Pid  48885 on  nid005618 device  0 [0009:01:00] NVIDIA GH200 120GB
   0: #  Rank 185 Group  0 Pid  48886 on  nid005618 device  0 [0019:01:00] NVIDIA GH200 120GB
   0: #  Rank 186 Group  0 Pid  48887 on  nid005618 device  0 [0029:01:00] NVIDIA GH200 120GB
   0: #  Rank 187 Group  0 Pid  48888 on  nid005618 device  0 [0039:01:00] NVIDIA GH200 120GB
   0: #  Rank 188 Group  0 Pid 286582 on  nid005619 device  0 [0009:01:00] NVIDIA GH200 120GB
   0: #  Rank 189 Group  0 Pid 286583 on  nid005619 device  0 [0019:01:00] NVIDIA GH200 120GB
   0: #  Rank 190 Group  0 Pid 286584 on  nid005619 device  0 [0029:01:00] NVIDIA GH200 120GB
   0: #  Rank 191 Group  0 Pid 286585 on  nid005619 device  0 [0039:01:00] NVIDIA GH200 120GB
   0: #  Rank 192 Group  0 Pid  60739 on  nid005648 device  0 [0009:01:00] NVIDIA GH200 120GB
   0: #  Rank 193 Group  0 Pid  60740 on  nid005648 device  0 [0019:01:00] NVIDIA GH200 120GB
   0: #  Rank 194 Group  0 Pid  60741 on  nid005648 device  0 [0029:01:00] NVIDIA GH200 120GB
   0: #  Rank 195 Group  0 Pid  60742 on  nid005648 device  0 [0039:01:00] NVIDIA GH200 120GB
   0: #  Rank 196 Group  0 Pid  51427 on  nid005650 device  0 [0009:01:00] NVIDIA GH200 120GB
   0: #  Rank 197 Group  0 Pid  51428 on  nid005650 device  0 [0019:01:00] NVIDIA GH200 120GB
   0: #  Rank 198 Group  0 Pid  51429 on  nid005650 device  0 [0029:01:00] NVIDIA GH200 120GB
   0: #  Rank 199 Group  0 Pid  51430 on  nid005650 device  0 [0039:01:00] NVIDIA GH200 120GB
   0: #  Rank 200 Group  0 Pid  29487 on  nid005654 device  0 [0009:01:00] NVIDIA GH200 120GB
   0: #  Rank 201 Group  0 Pid  29488 on  nid005654 device  0 [0019:01:00] NVIDIA GH200 120GB
   0: #  Rank 202 Group  0 Pid  29489 on  nid005654 device  0 [0029:01:00] NVIDIA GH200 120GB
   0: #  Rank 203 Group  0 Pid  29490 on  nid005654 device  0 [0039:01:00] NVIDIA GH200 120GB
   0: #  Rank 204 Group  0 Pid  26005 on  nid005655 device  0 [0009:01:00] NVIDIA GH200 120GB
   0: #  Rank 205 Group  0 Pid  26006 on  nid005655 device  0 [0019:01:00] NVIDIA GH200 120GB
   0: #  Rank 206 Group  0 Pid  26007 on  nid005655 device  0 [0029:01:00] NVIDIA GH200 120GB
   0: #  Rank 207 Group  0 Pid  26008 on  nid005655 device  0 [0039:01:00] NVIDIA GH200 120GB
   0: #  Rank 208 Group  0 Pid   4701 on  nid005656 device  0 [0009:01:00] NVIDIA GH200 120GB
   0: #  Rank 209 Group  0 Pid   4702 on  nid005656 device  0 [0019:01:00] NVIDIA GH200 120GB
   0: #  Rank 210 Group  0 Pid   4703 on  nid005656 device  0 [0029:01:00] NVIDIA GH200 120GB
   0: #  Rank 211 Group  0 Pid   4704 on  nid005656 device  0 [0039:01:00] NVIDIA GH200 120GB
   0: #  Rank 212 Group  0 Pid  55731 on  nid005657 device  0 [0009:01:00] NVIDIA GH200 120GB
   0: #  Rank 213 Group  0 Pid  55732 on  nid005657 device  0 [0019:01:00] NVIDIA GH200 120GB
   0: #  Rank 214 Group  0 Pid  55733 on  nid005657 device  0 [0029:01:00] NVIDIA GH200 120GB
   0: #  Rank 215 Group  0 Pid  55734 on  nid005657 device  0 [0039:01:00] NVIDIA GH200 120GB
   0: #  Rank 216 Group  0 Pid  23038 on  nid005658 device  0 [0009:01:00] NVIDIA GH200 120GB
   0: #  Rank 217 Group  0 Pid  23039 on  nid005658 device  0 [0019:01:00] NVIDIA GH200 120GB
   0: #  Rank 218 Group  0 Pid  23040 on  nid005658 device  0 [0029:01:00] NVIDIA GH200 120GB
   0: #  Rank 219 Group  0 Pid  23041 on  nid005658 device  0 [0039:01:00] NVIDIA GH200 120GB
   0: #  Rank 220 Group  0 Pid   7836 on  nid005659 device  0 [0009:01:00] NVIDIA GH200 120GB
   0: #  Rank 221 Group  0 Pid   7837 on  nid005659 device  0 [0019:01:00] NVIDIA GH200 120GB
   0: #  Rank 222 Group  0 Pid   7838 on  nid005659 device  0 [0029:01:00] NVIDIA GH200 120GB
   0: #  Rank 223 Group  0 Pid   7839 on  nid005659 device  0 [0039:01:00] NVIDIA GH200 120GB
   0: #  Rank 224 Group  0 Pid  45941 on  nid005660 device  0 [0009:01:00] NVIDIA GH200 120GB
   0: #  Rank 225 Group  0 Pid  45942 on  nid005660 device  0 [0019:01:00] NVIDIA GH200 120GB
   0: #  Rank 226 Group  0 Pid  45943 on  nid005660 device  0 [0029:01:00] NVIDIA GH200 120GB
   0: #  Rank 227 Group  0 Pid  45944 on  nid005660 device  0 [0039:01:00] NVIDIA GH200 120GB
   0: #  Rank 228 Group  0 Pid  49013 on  nid005661 device  0 [0009:01:00] NVIDIA GH200 120GB
   0: #  Rank 229 Group  0 Pid  49014 on  nid005661 device  0 [0019:01:00] NVIDIA GH200 120GB
   0: #  Rank 230 Group  0 Pid  49015 on  nid005661 device  0 [0029:01:00] NVIDIA GH200 120GB
   0: #  Rank 231 Group  0 Pid  49016 on  nid005661 device  0 [0039:01:00] NVIDIA GH200 120GB
   0: #  Rank 232 Group  0 Pid  27595 on  nid005662 device  0 [0009:01:00] NVIDIA GH200 120GB
   0: #  Rank 233 Group  0 Pid  27596 on  nid005662 device  0 [0019:01:00] NVIDIA GH200 120GB
   0: #  Rank 234 Group  0 Pid  27597 on  nid005662 device  0 [0029:01:00] NVIDIA GH200 120GB
   0: #  Rank 235 Group  0 Pid  27598 on  nid005662 device  0 [0039:01:00] NVIDIA GH200 120GB
   0: #  Rank 236 Group  0 Pid 282825 on  nid005663 device  0 [0009:01:00] NVIDIA GH200 120GB
   0: #  Rank 237 Group  0 Pid 282826 on  nid005663 device  0 [0019:01:00] NVIDIA GH200 120GB
   0: #  Rank 238 Group  0 Pid 282827 on  nid005663 device  0 [0029:01:00] NVIDIA GH200 120GB
   0: #  Rank 239 Group  0 Pid 282828 on  nid005663 device  0 [0039:01:00] NVIDIA GH200 120GB
   0: #  Rank 240 Group  0 Pid  27492 on  nid005665 device  0 [0009:01:00] NVIDIA GH200 120GB
   0: #  Rank 241 Group  0 Pid  27493 on  nid005665 device  0 [0019:01:00] NVIDIA GH200 120GB
   0: #  Rank 242 Group  0 Pid  27494 on  nid005665 device  0 [0029:01:00] NVIDIA GH200 120GB
   0: #  Rank 243 Group  0 Pid  27495 on  nid005665 device  0 [0039:01:00] NVIDIA GH200 120GB
   0: #  Rank 244 Group  0 Pid   4592 on  nid005666 device  0 [0009:01:00] NVIDIA GH200 120GB
   0: #  Rank 245 Group  0 Pid   4593 on  nid005666 device  0 [0019:01:00] NVIDIA GH200 120GB
   0: #  Rank 246 Group  0 Pid   4594 on  nid005666 device  0 [0029:01:00] NVIDIA GH200 120GB
   0: #  Rank 247 Group  0 Pid   4595 on  nid005666 device  0 [0039:01:00] NVIDIA GH200 120GB
   0: #  Rank 248 Group  0 Pid 258308 on  nid005667 device  0 [0009:01:00] NVIDIA GH200 120GB
   0: #  Rank 249 Group  0 Pid 258309 on  nid005667 device  0 [0019:01:00] NVIDIA GH200 120GB
   0: #  Rank 250 Group  0 Pid 258310 on  nid005667 device  0 [0029:01:00] NVIDIA GH200 120GB
   0: #  Rank 251 Group  0 Pid 258311 on  nid005667 device  0 [0039:01:00] NVIDIA GH200 120GB
   0: #  Rank 252 Group  0 Pid  82653 on  nid005668 device  0 [0009:01:00] NVIDIA GH200 120GB
   0: #  Rank 253 Group  0 Pid  82654 on  nid005668 device  0 [0019:01:00] NVIDIA GH200 120GB
   0: #  Rank 254 Group  0 Pid  82655 on  nid005668 device  0 [0029:01:00] NVIDIA GH200 120GB
   0: #  Rank 255 Group  0 Pid  82656 on  nid005668 device  0 [0039:01:00] NVIDIA GH200 120GB
   0: #  Rank 256 Group  0 Pid 180441 on  nid005669 device  0 [0009:01:00] NVIDIA GH200 120GB
   0: #  Rank 257 Group  0 Pid 180442 on  nid005669 device  0 [0019:01:00] NVIDIA GH200 120GB
   0: #  Rank 258 Group  0 Pid 180443 on  nid005669 device  0 [0029:01:00] NVIDIA GH200 120GB
   0: #  Rank 259 Group  0 Pid 180444 on  nid005669 device  0 [0039:01:00] NVIDIA GH200 120GB
   0: #  Rank 260 Group  0 Pid 284638 on  nid005786 device  0 [0009:01:00] NVIDIA GH200 120GB
   0: #  Rank 261 Group  0 Pid 284639 on  nid005786 device  0 [0019:01:00] NVIDIA GH200 120GB
   0: #  Rank 262 Group  0 Pid 284640 on  nid005786 device  0 [0029:01:00] NVIDIA GH200 120GB
   0: #  Rank 263 Group  0 Pid 284641 on  nid005786 device  0 [0039:01:00] NVIDIA GH200 120GB
   0: #  Rank 264 Group  0 Pid   2474 on  nid005787 device  0 [0009:01:00] NVIDIA GH200 120GB
   0: #  Rank 265 Group  0 Pid   2475 on  nid005787 device  0 [0019:01:00] NVIDIA GH200 120GB
   0: #  Rank 266 Group  0 Pid   2476 on  nid005787 device  0 [0029:01:00] NVIDIA GH200 120GB
   0: #  Rank 267 Group  0 Pid   2477 on  nid005787 device  0 [0039:01:00] NVIDIA GH200 120GB
   0: #  Rank 268 Group  0 Pid  69892 on  nid005788 device  0 [0009:01:00] NVIDIA GH200 120GB
   0: #  Rank 269 Group  0 Pid  69893 on  nid005788 device  0 [0019:01:00] NVIDIA GH200 120GB
   0: #  Rank 270 Group  0 Pid  69894 on  nid005788 device  0 [0029:01:00] NVIDIA GH200 120GB
   0: #  Rank 271 Group  0 Pid  69895 on  nid005788 device  0 [0039:01:00] NVIDIA GH200 120GB
   0: #  Rank 272 Group  0 Pid  59182 on  nid005789 device  0 [0009:01:00] NVIDIA GH200 120GB
   0: #  Rank 273 Group  0 Pid  59183 on  nid005789 device  0 [0019:01:00] NVIDIA GH200 120GB
   0: #  Rank 274 Group  0 Pid  59184 on  nid005789 device  0 [0029:01:00] NVIDIA GH200 120GB
   0: #  Rank 275 Group  0 Pid  59185 on  nid005789 device  0 [0039:01:00] NVIDIA GH200 120GB
   0: #  Rank 276 Group  0 Pid 115708 on  nid005790 device  0 [0009:01:00] NVIDIA GH200 120GB
   0: #  Rank 277 Group  0 Pid 115709 on  nid005790 device  0 [0019:01:00] NVIDIA GH200 120GB
   0: #  Rank 278 Group  0 Pid 115710 on  nid005790 device  0 [0029:01:00] NVIDIA GH200 120GB
   0: #  Rank 279 Group  0 Pid 115711 on  nid005790 device  0 [0039:01:00] NVIDIA GH200 120GB
   0: #  Rank 280 Group  0 Pid 293238 on  nid005791 device  0 [0009:01:00] NVIDIA GH200 120GB
   0: #  Rank 281 Group  0 Pid 293239 on  nid005791 device  0 [0019:01:00] NVIDIA GH200 120GB
   0: #  Rank 282 Group  0 Pid 293240 on  nid005791 device  0 [0029:01:00] NVIDIA GH200 120GB
   0: #  Rank 283 Group  0 Pid 293241 on  nid005791 device  0 [0039:01:00] NVIDIA GH200 120GB
   0: #  Rank 284 Group  0 Pid  34444 on  nid005792 device  0 [0009:01:00] NVIDIA GH200 120GB
   0: #  Rank 285 Group  0 Pid  34445 on  nid005792 device  0 [0019:01:00] NVIDIA GH200 120GB
   0: #  Rank 286 Group  0 Pid  34446 on  nid005792 device  0 [0029:01:00] NVIDIA GH200 120GB
   0: #  Rank 287 Group  0 Pid  34447 on  nid005792 device  0 [0039:01:00] NVIDIA GH200 120GB
   0: #  Rank 288 Group  0 Pid   2992 on  nid005793 device  0 [0009:01:00] NVIDIA GH200 120GB
   0: #  Rank 289 Group  0 Pid   2993 on  nid005793 device  0 [0019:01:00] NVIDIA GH200 120GB
   0: #  Rank 290 Group  0 Pid   2994 on  nid005793 device  0 [0029:01:00] NVIDIA GH200 120GB
   0: #  Rank 291 Group  0 Pid   2995 on  nid005793 device  0 [0039:01:00] NVIDIA GH200 120GB
   0: #  Rank 292 Group  0 Pid  23314 on  nid005794 device  0 [0009:01:00] NVIDIA GH200 120GB
   0: #  Rank 293 Group  0 Pid  23315 on  nid005794 device  0 [0019:01:00] NVIDIA GH200 120GB
   0: #  Rank 294 Group  0 Pid  23316 on  nid005794 device  0 [0029:01:00] NVIDIA GH200 120GB
   0: #  Rank 295 Group  0 Pid  23317 on  nid005794 device  0 [0039:01:00] NVIDIA GH200 120GB
   0: #  Rank 296 Group  0 Pid 293347 on  nid005795 device  0 [0009:01:00] NVIDIA GH200 120GB
   0: #  Rank 297 Group  0 Pid 293348 on  nid005795 device  0 [0019:01:00] NVIDIA GH200 120GB
   0: #  Rank 298 Group  0 Pid 293349 on  nid005795 device  0 [0029:01:00] NVIDIA GH200 120GB
   0: #  Rank 299 Group  0 Pid 293350 on  nid005795 device  0 [0039:01:00] NVIDIA GH200 120GB
   0: #  Rank 300 Group  0 Pid 246670 on  nid005796 device  0 [0009:01:00] NVIDIA GH200 120GB
   0: #  Rank 301 Group  0 Pid 246671 on  nid005796 device  0 [0019:01:00] NVIDIA GH200 120GB
   0: #  Rank 302 Group  0 Pid 246672 on  nid005796 device  0 [0029:01:00] NVIDIA GH200 120GB
   0: #  Rank 303 Group  0 Pid 246673 on  nid005796 device  0 [0039:01:00] NVIDIA GH200 120GB
   0: #  Rank 304 Group  0 Pid  65830 on  nid005797 device  0 [0009:01:00] NVIDIA GH200 120GB
   0: #  Rank 305 Group  0 Pid  65831 on  nid005797 device  0 [0019:01:00] NVIDIA GH200 120GB
   0: #  Rank 306 Group  0 Pid  65832 on  nid005797 device  0 [0029:01:00] NVIDIA GH200 120GB
   0: #  Rank 307 Group  0 Pid  65833 on  nid005797 device  0 [0039:01:00] NVIDIA GH200 120GB
   0: #  Rank 308 Group  0 Pid  24751 on  nid005798 device  0 [0009:01:00] NVIDIA GH200 120GB
   0: #  Rank 309 Group  0 Pid  24752 on  nid005798 device  0 [0019:01:00] NVIDIA GH200 120GB
   0: #  Rank 310 Group  0 Pid  24753 on  nid005798 device  0 [0029:01:00] NVIDIA GH200 120GB
   0: #  Rank 311 Group  0 Pid  24754 on  nid005798 device  0 [0039:01:00] NVIDIA GH200 120GB
   0: #  Rank 312 Group  0 Pid  35256 on  nid005799 device  0 [0009:01:00] NVIDIA GH200 120GB
   0: #  Rank 313 Group  0 Pid  35257 on  nid005799 device  0 [0019:01:00] NVIDIA GH200 120GB
   0: #  Rank 314 Group  0 Pid  35258 on  nid005799 device  0 [0029:01:00] NVIDIA GH200 120GB
   0: #  Rank 315 Group  0 Pid  35259 on  nid005799 device  0 [0039:01:00] NVIDIA GH200 120GB
   0: #  Rank 316 Group  0 Pid  12800 on  nid005800 device  0 [0009:01:00] NVIDIA GH200 120GB
   0: #  Rank 317 Group  0 Pid  12801 on  nid005800 device  0 [0019:01:00] NVIDIA GH200 120GB
   0: #  Rank 318 Group  0 Pid  12802 on  nid005800 device  0 [0029:01:00] NVIDIA GH200 120GB
   0: #  Rank 319 Group  0 Pid  12803 on  nid005800 device  0 [0039:01:00] NVIDIA GH200 120GB
   0: #  Rank 320 Group  0 Pid  19720 on  nid005802 device  0 [0009:01:00] NVIDIA GH200 120GB
   0: #  Rank 321 Group  0 Pid  19721 on  nid005802 device  0 [0019:01:00] NVIDIA GH200 120GB
   0: #  Rank 322 Group  0 Pid  19722 on  nid005802 device  0 [0029:01:00] NVIDIA GH200 120GB
   0: #  Rank 323 Group  0 Pid  19723 on  nid005802 device  0 [0039:01:00] NVIDIA GH200 120GB
   0: #  Rank 324 Group  0 Pid   2871 on  nid005803 device  0 [0009:01:00] NVIDIA GH200 120GB
   0: #  Rank 325 Group  0 Pid   2872 on  nid005803 device  0 [0019:01:00] NVIDIA GH200 120GB
   0: #  Rank 326 Group  0 Pid   2873 on  nid005803 device  0 [0029:01:00] NVIDIA GH200 120GB
   0: #  Rank 327 Group  0 Pid   2874 on  nid005803 device  0 [0039:01:00] NVIDIA GH200 120GB
   0: #  Rank 328 Group  0 Pid 124054 on  nid005804 device  0 [0009:01:00] NVIDIA GH200 120GB
   0: #  Rank 329 Group  0 Pid 124055 on  nid005804 device  0 [0019:01:00] NVIDIA GH200 120GB
   0: #  Rank 330 Group  0 Pid 124056 on  nid005804 device  0 [0029:01:00] NVIDIA GH200 120GB
   0: #  Rank 331 Group  0 Pid 124057 on  nid005804 device  0 [0039:01:00] NVIDIA GH200 120GB
   0: #  Rank 332 Group  0 Pid  79387 on  nid005805 device  0 [0009:01:00] NVIDIA GH200 120GB
   0: #  Rank 333 Group  0 Pid  79388 on  nid005805 device  0 [0019:01:00] NVIDIA GH200 120GB
   0: #  Rank 334 Group  0 Pid  79389 on  nid005805 device  0 [0029:01:00] NVIDIA GH200 120GB
   0: #  Rank 335 Group  0 Pid  79390 on  nid005805 device  0 [0039:01:00] NVIDIA GH200 120GB
   0: #  Rank 336 Group  0 Pid  20898 on  nid005806 device  0 [0009:01:00] NVIDIA GH200 120GB
   0: #  Rank 337 Group  0 Pid  20899 on  nid005806 device  0 [0019:01:00] NVIDIA GH200 120GB
   0: #  Rank 338 Group  0 Pid  20900 on  nid005806 device  0 [0029:01:00] NVIDIA GH200 120GB
   0: #  Rank 339 Group  0 Pid  20901 on  nid005806 device  0 [0039:01:00] NVIDIA GH200 120GB
   0: #  Rank 340 Group  0 Pid 292902 on  nid005807 device  0 [0009:01:00] NVIDIA GH200 120GB
   0: #  Rank 341 Group  0 Pid 292903 on  nid005807 device  0 [0019:01:00] NVIDIA GH200 120GB
   0: #  Rank 342 Group  0 Pid 292904 on  nid005807 device  0 [0029:01:00] NVIDIA GH200 120GB
   0: #  Rank 343 Group  0 Pid 292905 on  nid005807 device  0 [0039:01:00] NVIDIA GH200 120GB
   0: #  Rank 344 Group  0 Pid  43869 on  nid005808 device  0 [0009:01:00] NVIDIA GH200 120GB
   0: #  Rank 345 Group  0 Pid  43870 on  nid005808 device  0 [0019:01:00] NVIDIA GH200 120GB
   0: #  Rank 346 Group  0 Pid  43871 on  nid005808 device  0 [0029:01:00] NVIDIA GH200 120GB
   0: #  Rank 347 Group  0 Pid  43872 on  nid005808 device  0 [0039:01:00] NVIDIA GH200 120GB
   0: #  Rank 348 Group  0 Pid 268303 on  nid005809 device  0 [0009:01:00] NVIDIA GH200 120GB
   0: #  Rank 349 Group  0 Pid 268304 on  nid005809 device  0 [0019:01:00] NVIDIA GH200 120GB
   0: #  Rank 350 Group  0 Pid 268305 on  nid005809 device  0 [0029:01:00] NVIDIA GH200 120GB
   0: #  Rank 351 Group  0 Pid 268306 on  nid005809 device  0 [0039:01:00] NVIDIA GH200 120GB
   0: #  Rank 352 Group  0 Pid  16140 on  nid005811 device  0 [0009:01:00] NVIDIA GH200 120GB
   0: #  Rank 353 Group  0 Pid  16141 on  nid005811 device  0 [0019:01:00] NVIDIA GH200 120GB
   0: #  Rank 354 Group  0 Pid  16142 on  nid005811 device  0 [0029:01:00] NVIDIA GH200 120GB
   0: #  Rank 355 Group  0 Pid  16143 on  nid005811 device  0 [0039:01:00] NVIDIA GH200 120GB
   0: #  Rank 356 Group  0 Pid 286692 on  nid005812 device  0 [0009:01:00] NVIDIA GH200 120GB
   0: #  Rank 357 Group  0 Pid 286693 on  nid005812 device  0 [0019:01:00] NVIDIA GH200 120GB
   0: #  Rank 358 Group  0 Pid 286694 on  nid005812 device  0 [0029:01:00] NVIDIA GH200 120GB
   0: #  Rank 359 Group  0 Pid 286695 on  nid005812 device  0 [0039:01:00] NVIDIA GH200 120GB
   0: #  Rank 360 Group  0 Pid 268642 on  nid005813 device  0 [0009:01:00] NVIDIA GH200 120GB
   0: #  Rank 361 Group  0 Pid 268643 on  nid005813 device  0 [0019:01:00] NVIDIA GH200 120GB
   0: #  Rank 362 Group  0 Pid 268644 on  nid005813 device  0 [0029:01:00] NVIDIA GH200 120GB
   0: #  Rank 363 Group  0 Pid 268645 on  nid005813 device  0 [0039:01:00] NVIDIA GH200 120GB
   0: #  Rank 364 Group  0 Pid 198003 on  nid005814 device  0 [0009:01:00] NVIDIA GH200 120GB
   0: #  Rank 365 Group  0 Pid 198004 on  nid005814 device  0 [0019:01:00] NVIDIA GH200 120GB
   0: #  Rank 366 Group  0 Pid 198005 on  nid005814 device  0 [0029:01:00] NVIDIA GH200 120GB
   0: #  Rank 367 Group  0 Pid 198006 on  nid005814 device  0 [0039:01:00] NVIDIA GH200 120GB
   0: #  Rank 368 Group  0 Pid  75346 on  nid005815 device  0 [0009:01:00] NVIDIA GH200 120GB
   0: #  Rank 369 Group  0 Pid  75347 on  nid005815 device  0 [0019:01:00] NVIDIA GH200 120GB
   0: #  Rank 370 Group  0 Pid  75348 on  nid005815 device  0 [0029:01:00] NVIDIA GH200 120GB
   0: #  Rank 371 Group  0 Pid  75349 on  nid005815 device  0 [0039:01:00] NVIDIA GH200 120GB
   0: #  Rank 372 Group  0 Pid  14088 on  nid005816 device  0 [0009:01:00] NVIDIA GH200 120GB
   0: #  Rank 373 Group  0 Pid  14089 on  nid005816 device  0 [0019:01:00] NVIDIA GH200 120GB
   0: #  Rank 374 Group  0 Pid  14090 on  nid005816 device  0 [0029:01:00] NVIDIA GH200 120GB
   0: #  Rank 375 Group  0 Pid  14091 on  nid005816 device  0 [0039:01:00] NVIDIA GH200 120GB
   0: #  Rank 376 Group  0 Pid  25804 on  nid005817 device  0 [0009:01:00] NVIDIA GH200 120GB
   0: #  Rank 377 Group  0 Pid  25805 on  nid005817 device  0 [0019:01:00] NVIDIA GH200 120GB
   0: #  Rank 378 Group  0 Pid  25806 on  nid005817 device  0 [0029:01:00] NVIDIA GH200 120GB
   0: #  Rank 379 Group  0 Pid  25807 on  nid005817 device  0 [0039:01:00] NVIDIA GH200 120GB
   0: #  Rank 380 Group  0 Pid 286339 on  nid005818 device  0 [0009:01:00] NVIDIA GH200 120GB
   0: #  Rank 381 Group  0 Pid 286340 on  nid005818 device  0 [0019:01:00] NVIDIA GH200 120GB
   0: #  Rank 382 Group  0 Pid 286341 on  nid005818 device  0 [0029:01:00] NVIDIA GH200 120GB
   0: #  Rank 383 Group  0 Pid 286342 on  nid005818 device  0 [0039:01:00] NVIDIA GH200 120GB
   0: #  Rank 384 Group  0 Pid  61680 on  nid005831 device  0 [0009:01:00] NVIDIA GH200 120GB
   0: #  Rank 385 Group  0 Pid  61681 on  nid005831 device  0 [0019:01:00] NVIDIA GH200 120GB
   0: #  Rank 386 Group  0 Pid  61682 on  nid005831 device  0 [0029:01:00] NVIDIA GH200 120GB
   0: #  Rank 387 Group  0 Pid  61683 on  nid005831 device  0 [0039:01:00] NVIDIA GH200 120GB
   0: #  Rank 388 Group  0 Pid  28570 on  nid006025 device  0 [0009:01:00] NVIDIA GH200 120GB
   0: #  Rank 389 Group  0 Pid  28571 on  nid006025 device  0 [0019:01:00] NVIDIA GH200 120GB
   0: #  Rank 390 Group  0 Pid  28572 on  nid006025 device  0 [0029:01:00] NVIDIA GH200 120GB
   0: #  Rank 391 Group  0 Pid  28573 on  nid006025 device  0 [0039:01:00] NVIDIA GH200 120GB
   0: #  Rank 392 Group  0 Pid  17063 on  nid006026 device  0 [0009:01:00] NVIDIA GH200 120GB
   0: #  Rank 393 Group  0 Pid  17064 on  nid006026 device  0 [0019:01:00] NVIDIA GH200 120GB
   0: #  Rank 394 Group  0 Pid  17065 on  nid006026 device  0 [0029:01:00] NVIDIA GH200 120GB
   0: #  Rank 395 Group  0 Pid  17066 on  nid006026 device  0 [0039:01:00] NVIDIA GH200 120GB
   0: #  Rank 396 Group  0 Pid   3333 on  nid006027 device  0 [0009:01:00] NVIDIA GH200 120GB
   0: #  Rank 397 Group  0 Pid   3334 on  nid006027 device  0 [0019:01:00] NVIDIA GH200 120GB
   0: #  Rank 398 Group  0 Pid   3335 on  nid006027 device  0 [0029:01:00] NVIDIA GH200 120GB
   0: #  Rank 399 Group  0 Pid   3336 on  nid006027 device  0 [0039:01:00] NVIDIA GH200 120GB
   0: #  Rank 400 Group  0 Pid  96136 on  nid006028 device  0 [0009:01:00] NVIDIA GH200 120GB
   0: #  Rank 401 Group  0 Pid  96137 on  nid006028 device  0 [0019:01:00] NVIDIA GH200 120GB
   0: #  Rank 402 Group  0 Pid  96138 on  nid006028 device  0 [0029:01:00] NVIDIA GH200 120GB
   0: #  Rank 403 Group  0 Pid  96139 on  nid006028 device  0 [0039:01:00] NVIDIA GH200 120GB
   0: #  Rank 404 Group  0 Pid 227281 on  nid006029 device  0 [0009:01:00] NVIDIA GH200 120GB
   0: #  Rank 405 Group  0 Pid 227282 on  nid006029 device  0 [0019:01:00] NVIDIA GH200 120GB
   0: #  Rank 406 Group  0 Pid 227283 on  nid006029 device  0 [0029:01:00] NVIDIA GH200 120GB
   0: #  Rank 407 Group  0 Pid 227284 on  nid006029 device  0 [0039:01:00] NVIDIA GH200 120GB
   0: #  Rank 408 Group  0 Pid  21458 on  nid006030 device  0 [0009:01:00] NVIDIA GH200 120GB
   0: #  Rank 409 Group  0 Pid  21459 on  nid006030 device  0 [0019:01:00] NVIDIA GH200 120GB
   0: #  Rank 410 Group  0 Pid  21460 on  nid006030 device  0 [0029:01:00] NVIDIA GH200 120GB
   0: #  Rank 411 Group  0 Pid  21461 on  nid006030 device  0 [0039:01:00] NVIDIA GH200 120GB
   0: #  Rank 412 Group  0 Pid  29120 on  nid006031 device  0 [0009:01:00] NVIDIA GH200 120GB
   0: #  Rank 413 Group  0 Pid  29121 on  nid006031 device  0 [0019:01:00] NVIDIA GH200 120GB
   0: #  Rank 414 Group  0 Pid  29122 on  nid006031 device  0 [0029:01:00] NVIDIA GH200 120GB
   0: #  Rank 415 Group  0 Pid  29123 on  nid006031 device  0 [0039:01:00] NVIDIA GH200 120GB
   0: #  Rank 416 Group  0 Pid  20737 on  nid006032 device  0 [0009:01:00] NVIDIA GH200 120GB
   0: #  Rank 417 Group  0 Pid  20738 on  nid006032 device  0 [0019:01:00] NVIDIA GH200 120GB
   0: #  Rank 418 Group  0 Pid  20739 on  nid006032 device  0 [0029:01:00] NVIDIA GH200 120GB
   0: #  Rank 419 Group  0 Pid  20740 on  nid006032 device  0 [0039:01:00] NVIDIA GH200 120GB
   0: #  Rank 420 Group  0 Pid  49561 on  nid006033 device  0 [0009:01:00] NVIDIA GH200 120GB
   0: #  Rank 421 Group  0 Pid  49562 on  nid006033 device  0 [0019:01:00] NVIDIA GH200 120GB
   0: #  Rank 422 Group  0 Pid  49563 on  nid006033 device  0 [0029:01:00] NVIDIA GH200 120GB
   0: #  Rank 423 Group  0 Pid  49564 on  nid006033 device  0 [0039:01:00] NVIDIA GH200 120GB
   0: #  Rank 424 Group  0 Pid  93191 on  nid006034 device  0 [0009:01:00] NVIDIA GH200 120GB
   0: #  Rank 425 Group  0 Pid  93192 on  nid006034 device  0 [0019:01:00] NVIDIA GH200 120GB
   0: #  Rank 426 Group  0 Pid  93193 on  nid006034 device  0 [0029:01:00] NVIDIA GH200 120GB
   0: #  Rank 427 Group  0 Pid  93194 on  nid006034 device  0 [0039:01:00] NVIDIA GH200 120GB
   0: #  Rank 428 Group  0 Pid  39626 on  nid006035 device  0 [0009:01:00] NVIDIA GH200 120GB
   0: #  Rank 429 Group  0 Pid  39627 on  nid006035 device  0 [0019:01:00] NVIDIA GH200 120GB
   0: #  Rank 430 Group  0 Pid  39628 on  nid006035 device  0 [0029:01:00] NVIDIA GH200 120GB
   0: #  Rank 431 Group  0 Pid  39629 on  nid006035 device  0 [0039:01:00] NVIDIA GH200 120GB
   0: #  Rank 432 Group  0 Pid 147538 on  nid006036 device  0 [0009:01:00] NVIDIA GH200 120GB
   0: #  Rank 433 Group  0 Pid 147539 on  nid006036 device  0 [0019:01:00] NVIDIA GH200 120GB
   0: #  Rank 434 Group  0 Pid 147540 on  nid006036 device  0 [0029:01:00] NVIDIA GH200 120GB
   0: #  Rank 435 Group  0 Pid 147541 on  nid006036 device  0 [0039:01:00] NVIDIA GH200 120GB
   0: #  Rank 436 Group  0 Pid  25087 on  nid006038 device  0 [0009:01:00] NVIDIA GH200 120GB
   0: #  Rank 437 Group  0 Pid  25088 on  nid006038 device  0 [0019:01:00] NVIDIA GH200 120GB
   0: #  Rank 438 Group  0 Pid  25089 on  nid006038 device  0 [0029:01:00] NVIDIA GH200 120GB
   0: #  Rank 439 Group  0 Pid  25090 on  nid006038 device  0 [0039:01:00] NVIDIA GH200 120GB
   0: #  Rank 440 Group  0 Pid  67685 on  nid006039 device  0 [0009:01:00] NVIDIA GH200 120GB
   0: #  Rank 441 Group  0 Pid  67686 on  nid006039 device  0 [0019:01:00] NVIDIA GH200 120GB
   0: #  Rank 442 Group  0 Pid  67687 on  nid006039 device  0 [0029:01:00] NVIDIA GH200 120GB
   0: #  Rank 443 Group  0 Pid  67688 on  nid006039 device  0 [0039:01:00] NVIDIA GH200 120GB
   0: #  Rank 444 Group  0 Pid 268323 on  nid006040 device  0 [0009:01:00] NVIDIA GH200 120GB
   0: #  Rank 445 Group  0 Pid 268324 on  nid006040 device  0 [0019:01:00] NVIDIA GH200 120GB
   0: #  Rank 446 Group  0 Pid 268325 on  nid006040 device  0 [0029:01:00] NVIDIA GH200 120GB
   0: #  Rank 447 Group  0 Pid 268326 on  nid006040 device  0 [0039:01:00] NVIDIA GH200 120GB
   0: #  Rank 448 Group  0 Pid 294900 on  nid006041 device  0 [0009:01:00] NVIDIA GH200 120GB
   0: #  Rank 449 Group  0 Pid 294901 on  nid006041 device  0 [0019:01:00] NVIDIA GH200 120GB
   0: #  Rank 450 Group  0 Pid 294902 on  nid006041 device  0 [0029:01:00] NVIDIA GH200 120GB
   0: #  Rank 451 Group  0 Pid 294903 on  nid006041 device  0 [0039:01:00] NVIDIA GH200 120GB
   0: #  Rank 452 Group  0 Pid  12358 on  nid006042 device  0 [0009:01:00] NVIDIA GH200 120GB
   0: #  Rank 453 Group  0 Pid  12359 on  nid006042 device  0 [0019:01:00] NVIDIA GH200 120GB
   0: #  Rank 454 Group  0 Pid  12360 on  nid006042 device  0 [0029:01:00] NVIDIA GH200 120GB
   0: #  Rank 455 Group  0 Pid  12361 on  nid006042 device  0 [0039:01:00] NVIDIA GH200 120GB
   0: #  Rank 456 Group  0 Pid 274390 on  nid006043 device  0 [0009:01:00] NVIDIA GH200 120GB
   0: #  Rank 457 Group  0 Pid 274391 on  nid006043 device  0 [0019:01:00] NVIDIA GH200 120GB
   0: #  Rank 458 Group  0 Pid 274392 on  nid006043 device  0 [0029:01:00] NVIDIA GH200 120GB
   0: #  Rank 459 Group  0 Pid 274393 on  nid006043 device  0 [0039:01:00] NVIDIA GH200 120GB
   0: #  Rank 460 Group  0 Pid  23870 on  nid006044 device  0 [0009:01:00] NVIDIA GH200 120GB
   0: #  Rank 461 Group  0 Pid  23871 on  nid006044 device  0 [0019:01:00] NVIDIA GH200 120GB
   0: #  Rank 462 Group  0 Pid  23872 on  nid006044 device  0 [0029:01:00] NVIDIA GH200 120GB
   0: #  Rank 463 Group  0 Pid  23873 on  nid006044 device  0 [0039:01:00] NVIDIA GH200 120GB
   0: #  Rank 464 Group  0 Pid   6063 on  nid006046 device  0 [0009:01:00] NVIDIA GH200 120GB
   0: #  Rank 465 Group  0 Pid   6064 on  nid006046 device  0 [0019:01:00] NVIDIA GH200 120GB
   0: #  Rank 466 Group  0 Pid   6065 on  nid006046 device  0 [0029:01:00] NVIDIA GH200 120GB
   0: #  Rank 467 Group  0 Pid   6066 on  nid006046 device  0 [0039:01:00] NVIDIA GH200 120GB
   0: #  Rank 468 Group  0 Pid  31956 on  nid006047 device  0 [0009:01:00] NVIDIA GH200 120GB
   0: #  Rank 469 Group  0 Pid  31957 on  nid006047 device  0 [0019:01:00] NVIDIA GH200 120GB
   0: #  Rank 470 Group  0 Pid  31958 on  nid006047 device  0 [0029:01:00] NVIDIA GH200 120GB
   0: #  Rank 471 Group  0 Pid  31959 on  nid006047 device  0 [0039:01:00] NVIDIA GH200 120GB
   0: #  Rank 472 Group  0 Pid  13416 on  nid006048 device  0 [0009:01:00] NVIDIA GH200 120GB
   0: #  Rank 473 Group  0 Pid  13417 on  nid006048 device  0 [0019:01:00] NVIDIA GH200 120GB
   0: #  Rank 474 Group  0 Pid  13418 on  nid006048 device  0 [0029:01:00] NVIDIA GH200 120GB
   0: #  Rank 475 Group  0 Pid  13419 on  nid006048 device  0 [0039:01:00] NVIDIA GH200 120GB
   0: #  Rank 476 Group  0 Pid  12864 on  nid006049 device  0 [0009:01:00] NVIDIA GH200 120GB
   0: #  Rank 477 Group  0 Pid  12865 on  nid006049 device  0 [0019:01:00] NVIDIA GH200 120GB
   0: #  Rank 478 Group  0 Pid  12866 on  nid006049 device  0 [0029:01:00] NVIDIA GH200 120GB
   0: #  Rank 479 Group  0 Pid  12867 on  nid006049 device  0 [0039:01:00] NVIDIA GH200 120GB
   0: #  Rank 480 Group  0 Pid  12573 on  nid006051 device  0 [0009:01:00] NVIDIA GH200 120GB
   0: #  Rank 481 Group  0 Pid  12574 on  nid006051 device  0 [0019:01:00] NVIDIA GH200 120GB
   0: #  Rank 482 Group  0 Pid  12575 on  nid006051 device  0 [0029:01:00] NVIDIA GH200 120GB
   0: #  Rank 483 Group  0 Pid  12576 on  nid006051 device  0 [0039:01:00] NVIDIA GH200 120GB
   0: #  Rank 484 Group  0 Pid  17883 on  nid006052 device  0 [0009:01:00] NVIDIA GH200 120GB
   0: #  Rank 485 Group  0 Pid  17884 on  nid006052 device  0 [0019:01:00] NVIDIA GH200 120GB
   0: #  Rank 486 Group  0 Pid  17885 on  nid006052 device  0 [0029:01:00] NVIDIA GH200 120GB
   0: #  Rank 487 Group  0 Pid  17886 on  nid006052 device  0 [0039:01:00] NVIDIA GH200 120GB
   0: #  Rank 488 Group  0 Pid  13330 on  nid006053 device  0 [0009:01:00] NVIDIA GH200 120GB
   0: #  Rank 489 Group  0 Pid  13331 on  nid006053 device  0 [0019:01:00] NVIDIA GH200 120GB
   0: #  Rank 490 Group  0 Pid  13332 on  nid006053 device  0 [0029:01:00] NVIDIA GH200 120GB
   0: #  Rank 491 Group  0 Pid  13333 on  nid006053 device  0 [0039:01:00] NVIDIA GH200 120GB
   0: #  Rank 492 Group  0 Pid  37696 on  nid006054 device  0 [0009:01:00] NVIDIA GH200 120GB
   0: #  Rank 493 Group  0 Pid  37697 on  nid006054 device  0 [0019:01:00] NVIDIA GH200 120GB
   0: #  Rank 494 Group  0 Pid  37698 on  nid006054 device  0 [0029:01:00] NVIDIA GH200 120GB
   0: #  Rank 495 Group  0 Pid  37699 on  nid006054 device  0 [0039:01:00] NVIDIA GH200 120GB
   0: #  Rank 496 Group  0 Pid 292041 on  nid006055 device  0 [0009:01:00] NVIDIA GH200 120GB
   0: #  Rank 497 Group  0 Pid 292042 on  nid006055 device  0 [0019:01:00] NVIDIA GH200 120GB
   0: #  Rank 498 Group  0 Pid 292043 on  nid006055 device  0 [0029:01:00] NVIDIA GH200 120GB
   0: #  Rank 499 Group  0 Pid 292044 on  nid006055 device  0 [0039:01:00] NVIDIA GH200 120GB
   0: #  Rank 500 Group  0 Pid   4876 on  nid006056 device  0 [0009:01:00] NVIDIA GH200 120GB
   0: #  Rank 501 Group  0 Pid   4877 on  nid006056 device  0 [0019:01:00] NVIDIA GH200 120GB
   0: #  Rank 502 Group  0 Pid   4878 on  nid006056 device  0 [0029:01:00] NVIDIA GH200 120GB
   0: #  Rank 503 Group  0 Pid   4879 on  nid006056 device  0 [0039:01:00] NVIDIA GH200 120GB
   0: #  Rank 504 Group  0 Pid 287012 on  nid006058 device  0 [0009:01:00] NVIDIA GH200 120GB
   0: #  Rank 505 Group  0 Pid 287013 on  nid006058 device  0 [0019:01:00] NVIDIA GH200 120GB
   0: #  Rank 506 Group  0 Pid 287014 on  nid006058 device  0 [0029:01:00] NVIDIA GH200 120GB
   0: #  Rank 507 Group  0 Pid 287015 on  nid006058 device  0 [0039:01:00] NVIDIA GH200 120GB
   0: #  Rank 508 Group  0 Pid 294889 on  nid006059 device  0 [0009:01:00] NVIDIA GH200 120GB
   0: #  Rank 509 Group  0 Pid 294890 on  nid006059 device  0 [0019:01:00] NVIDIA GH200 120GB
   0: #  Rank 510 Group  0 Pid 294891 on  nid006059 device  0 [0029:01:00] NVIDIA GH200 120GB
   0: #  Rank 511 Group  0 Pid 294892 on  nid006059 device  0 [0039:01:00] NVIDIA GH200 120GB
   0: #  Rank 512 Group  0 Pid 175098 on  nid006060 device  0 [0009:01:00] NVIDIA GH200 120GB
   0: #  Rank 513 Group  0 Pid 175099 on  nid006060 device  0 [0019:01:00] NVIDIA GH200 120GB
   0: #  Rank 514 Group  0 Pid 175100 on  nid006060 device  0 [0029:01:00] NVIDIA GH200 120GB
   0: #  Rank 515 Group  0 Pid 175101 on  nid006060 device  0 [0039:01:00] NVIDIA GH200 120GB
   0: #  Rank 516 Group  0 Pid  22115 on  nid006061 device  0 [0009:01:00] NVIDIA GH200 120GB
   0: #  Rank 517 Group  0 Pid  22116 on  nid006061 device  0 [0019:01:00] NVIDIA GH200 120GB
   0: #  Rank 518 Group  0 Pid  22117 on  nid006061 device  0 [0029:01:00] NVIDIA GH200 120GB
   0: #  Rank 519 Group  0 Pid  22118 on  nid006061 device  0 [0039:01:00] NVIDIA GH200 120GB
   0: #  Rank 520 Group  0 Pid   8542 on  nid006062 device  0 [0009:01:00] NVIDIA GH200 120GB
   0: #  Rank 521 Group  0 Pid   8543 on  nid006062 device  0 [0019:01:00] NVIDIA GH200 120GB
   0: #  Rank 522 Group  0 Pid   8544 on  nid006062 device  0 [0029:01:00] NVIDIA GH200 120GB
   0: #  Rank 523 Group  0 Pid   8545 on  nid006062 device  0 [0039:01:00] NVIDIA GH200 120GB
   0: #  Rank 524 Group  0 Pid  15694 on  nid006063 device  0 [0009:01:00] NVIDIA GH200 120GB
   0: #  Rank 525 Group  0 Pid  15695 on  nid006063 device  0 [0019:01:00] NVIDIA GH200 120GB
   0: #  Rank 526 Group  0 Pid  15696 on  nid006063 device  0 [0029:01:00] NVIDIA GH200 120GB
   0: #  Rank 527 Group  0 Pid  15697 on  nid006063 device  0 [0039:01:00] NVIDIA GH200 120GB
   0: #  Rank 528 Group  0 Pid   4882 on  nid006064 device  0 [0009:01:00] NVIDIA GH200 120GB
   0: #  Rank 529 Group  0 Pid   4883 on  nid006064 device  0 [0019:01:00] NVIDIA GH200 120GB
   0: #  Rank 530 Group  0 Pid   4884 on  nid006064 device  0 [0029:01:00] NVIDIA GH200 120GB
   0: #  Rank 531 Group  0 Pid   4885 on  nid006064 device  0 [0039:01:00] NVIDIA GH200 120GB
   0: #  Rank 532 Group  0 Pid  13217 on  nid006065 device  0 [0009:01:00] NVIDIA GH200 120GB
   0: #  Rank 533 Group  0 Pid  13218 on  nid006065 device  0 [0019:01:00] NVIDIA GH200 120GB
   0: #  Rank 534 Group  0 Pid  13219 on  nid006065 device  0 [0029:01:00] NVIDIA GH200 120GB
   0: #  Rank 535 Group  0 Pid  13220 on  nid006065 device  0 [0039:01:00] NVIDIA GH200 120GB
   0: #  Rank 536 Group  0 Pid  17663 on  nid006066 device  0 [0009:01:00] NVIDIA GH200 120GB
   0: #  Rank 537 Group  0 Pid  17664 on  nid006066 device  0 [0019:01:00] NVIDIA GH200 120GB
   0: #  Rank 538 Group  0 Pid  17665 on  nid006066 device  0 [0029:01:00] NVIDIA GH200 120GB
   0: #  Rank 539 Group  0 Pid  17666 on  nid006066 device  0 [0039:01:00] NVIDIA GH200 120GB
   0: #  Rank 540 Group  0 Pid  90100 on  nid006067 device  0 [0009:01:00] NVIDIA GH200 120GB
   0: #  Rank 541 Group  0 Pid  90111 on  nid006067 device  0 [0019:01:00] NVIDIA GH200 120GB
   0: #  Rank 542 Group  0 Pid  90112 on  nid006067 device  0 [0029:01:00] NVIDIA GH200 120GB
   0: #  Rank 543 Group  0 Pid  90113 on  nid006067 device  0 [0039:01:00] NVIDIA GH200 120GB
   0: #  Rank 544 Group  0 Pid  18427 on  nid006069 device  0 [0009:01:00] NVIDIA GH200 120GB
   0: #  Rank 545 Group  0 Pid  18428 on  nid006069 device  0 [0019:01:00] NVIDIA GH200 120GB
   0: #  Rank 546 Group  0 Pid  18429 on  nid006069 device  0 [0029:01:00] NVIDIA GH200 120GB
   0: #  Rank 547 Group  0 Pid  18430 on  nid006069 device  0 [0039:01:00] NVIDIA GH200 120GB
   0: #  Rank 548 Group  0 Pid  42347 on  nid006070 device  0 [0009:01:00] NVIDIA GH200 120GB
   0: #  Rank 549 Group  0 Pid  42348 on  nid006070 device  0 [0019:01:00] NVIDIA GH200 120GB
   0: #  Rank 550 Group  0 Pid  42349 on  nid006070 device  0 [0029:01:00] NVIDIA GH200 120GB
   0: #  Rank 551 Group  0 Pid  42350 on  nid006070 device  0 [0039:01:00] NVIDIA GH200 120GB
   0: #  Rank 552 Group  0 Pid 214967 on  nid006071 device  0 [0009:01:00] NVIDIA GH200 120GB
   0: #  Rank 553 Group  0 Pid 214968 on  nid006071 device  0 [0019:01:00] NVIDIA GH200 120GB
   0: #  Rank 554 Group  0 Pid 214969 on  nid006071 device  0 [0029:01:00] NVIDIA GH200 120GB
   0: #  Rank 555 Group  0 Pid 214970 on  nid006071 device  0 [0039:01:00] NVIDIA GH200 120GB
   0: #  Rank 556 Group  0 Pid 292220 on  nid006072 device  0 [0009:01:00] NVIDIA GH200 120GB
   0: #  Rank 557 Group  0 Pid 292221 on  nid006072 device  0 [0019:01:00] NVIDIA GH200 120GB
   0: #  Rank 558 Group  0 Pid 292222 on  nid006072 device  0 [0029:01:00] NVIDIA GH200 120GB
   0: #  Rank 559 Group  0 Pid 292223 on  nid006072 device  0 [0039:01:00] NVIDIA GH200 120GB
   0: #  Rank 560 Group  0 Pid  26735 on  nid006073 device  0 [0009:01:00] NVIDIA GH200 120GB
   0: #  Rank 561 Group  0 Pid  26736 on  nid006073 device  0 [0019:01:00] NVIDIA GH200 120GB
   0: #  Rank 562 Group  0 Pid  26737 on  nid006073 device  0 [0029:01:00] NVIDIA GH200 120GB
   0: #  Rank 563 Group  0 Pid  26738 on  nid006073 device  0 [0039:01:00] NVIDIA GH200 120GB
   0: #  Rank 564 Group  0 Pid 129054 on  nid006074 device  0 [0009:01:00] NVIDIA GH200 120GB
   0: #  Rank 565 Group  0 Pid 129055 on  nid006074 device  0 [0019:01:00] NVIDIA GH200 120GB
   0: #  Rank 566 Group  0 Pid 129056 on  nid006074 device  0 [0029:01:00] NVIDIA GH200 120GB
   0: #  Rank 567 Group  0 Pid 129057 on  nid006074 device  0 [0039:01:00] NVIDIA GH200 120GB
   0: #  Rank 568 Group  0 Pid 112147 on  nid006075 device  0 [0009:01:00] NVIDIA GH200 120GB
   0: #  Rank 569 Group  0 Pid 112148 on  nid006075 device  0 [0019:01:00] NVIDIA GH200 120GB
   0: #  Rank 570 Group  0 Pid 112149 on  nid006075 device  0 [0029:01:00] NVIDIA GH200 120GB
   0: #  Rank 571 Group  0 Pid 112150 on  nid006075 device  0 [0039:01:00] NVIDIA GH200 120GB
   0: #  Rank 572 Group  0 Pid  57245 on  nid006076 device  0 [0009:01:00] NVIDIA GH200 120GB
   0: #  Rank 573 Group  0 Pid  57246 on  nid006076 device  0 [0019:01:00] NVIDIA GH200 120GB
   0: #  Rank 574 Group  0 Pid  57247 on  nid006076 device  0 [0029:01:00] NVIDIA GH200 120GB
   0: #  Rank 575 Group  0 Pid  57248 on  nid006076 device  0 [0039:01:00] NVIDIA GH200 120GB
   0: #  Rank 576 Group  0 Pid 293396 on  nid006077 device  0 [0009:01:00] NVIDIA GH200 120GB
   0: #  Rank 577 Group  0 Pid 293397 on  nid006077 device  0 [0019:01:00] NVIDIA GH200 120GB
   0: #  Rank 578 Group  0 Pid 293398 on  nid006077 device  0 [0029:01:00] NVIDIA GH200 120GB
   0: #  Rank 579 Group  0 Pid 293399 on  nid006077 device  0 [0039:01:00] NVIDIA GH200 120GB
   0: #  Rank 580 Group  0 Pid  77699 on  nid006078 device  0 [0009:01:00] NVIDIA GH200 120GB
   0: #  Rank 581 Group  0 Pid  77700 on  nid006078 device  0 [0019:01:00] NVIDIA GH200 120GB
   0: #  Rank 582 Group  0 Pid  77701 on  nid006078 device  0 [0029:01:00] NVIDIA GH200 120GB
   0: #  Rank 583 Group  0 Pid  77702 on  nid006078 device  0 [0039:01:00] NVIDIA GH200 120GB
   0: #  Rank 584 Group  0 Pid  49153 on  nid006079 device  0 [0009:01:00] NVIDIA GH200 120GB
   0: #  Rank 585 Group  0 Pid  49154 on  nid006079 device  0 [0019:01:00] NVIDIA GH200 120GB
   0: #  Rank 586 Group  0 Pid  49155 on  nid006079 device  0 [0029:01:00] NVIDIA GH200 120GB
   0: #  Rank 587 Group  0 Pid  49156 on  nid006079 device  0 [0039:01:00] NVIDIA GH200 120GB
   0: #  Rank 588 Group  0 Pid 169745 on  nid006080 device  0 [0009:01:00] NVIDIA GH200 120GB
   0: #  Rank 589 Group  0 Pid 169746 on  nid006080 device  0 [0019:01:00] NVIDIA GH200 120GB
   0: #  Rank 590 Group  0 Pid 169747 on  nid006080 device  0 [0029:01:00] NVIDIA GH200 120GB
   0: #  Rank 591 Group  0 Pid 169748 on  nid006080 device  0 [0039:01:00] NVIDIA GH200 120GB
   0: #  Rank 592 Group  0 Pid  79098 on  nid006081 device  0 [0009:01:00] NVIDIA GH200 120GB
   0: #  Rank 593 Group  0 Pid  79099 on  nid006081 device  0 [0019:01:00] NVIDIA GH200 120GB
   0: #  Rank 594 Group  0 Pid  79100 on  nid006081 device  0 [0029:01:00] NVIDIA GH200 120GB
   0: #  Rank 595 Group  0 Pid  79101 on  nid006081 device  0 [0039:01:00] NVIDIA GH200 120GB
   0: #  Rank 596 Group  0 Pid 290880 on  nid006082 device  0 [0009:01:00] NVIDIA GH200 120GB
   0: #  Rank 597 Group  0 Pid 290881 on  nid006082 device  0 [0019:01:00] NVIDIA GH200 120GB
   0: #  Rank 598 Group  0 Pid 290882 on  nid006082 device  0 [0029:01:00] NVIDIA GH200 120GB
   0: #  Rank 599 Group  0 Pid 290883 on  nid006082 device  0 [0039:01:00] NVIDIA GH200 120GB
   0: #  Rank 600 Group  0 Pid   4537 on  nid006083 device  0 [0009:01:00] NVIDIA GH200 120GB
   0: #  Rank 601 Group  0 Pid   4538 on  nid006083 device  0 [0019:01:00] NVIDIA GH200 120GB
   0: #  Rank 602 Group  0 Pid   4539 on  nid006083 device  0 [0029:01:00] NVIDIA GH200 120GB
   0: #  Rank 603 Group  0 Pid   4540 on  nid006083 device  0 [0039:01:00] NVIDIA GH200 120GB
   0: #  Rank 604 Group  0 Pid 290342 on  nid006084 device  0 [0009:01:00] NVIDIA GH200 120GB
   0: #  Rank 605 Group  0 Pid 290343 on  nid006084 device  0 [0019:01:00] NVIDIA GH200 120GB
   0: #  Rank 606 Group  0 Pid 290344 on  nid006084 device  0 [0029:01:00] NVIDIA GH200 120GB
   0: #  Rank 607 Group  0 Pid 290345 on  nid006084 device  0 [0039:01:00] NVIDIA GH200 120GB
   0: #  Rank 608 Group  0 Pid   5700 on  nid006088 device  0 [0009:01:00] NVIDIA GH200 120GB
   0: #  Rank 609 Group  0 Pid   5701 on  nid006088 device  0 [0019:01:00] NVIDIA GH200 120GB
   0: #  Rank 610 Group  0 Pid   5702 on  nid006088 device  0 [0029:01:00] NVIDIA GH200 120GB
   0: #  Rank 611 Group  0 Pid   5703 on  nid006088 device  0 [0039:01:00] NVIDIA GH200 120GB
   0: #  Rank 612 Group  0 Pid  26326 on  nid006089 device  0 [0009:01:00] NVIDIA GH200 120GB
   0: #  Rank 613 Group  0 Pid  26327 on  nid006089 device  0 [0019:01:00] NVIDIA GH200 120GB
   0: #  Rank 614 Group  0 Pid  26328 on  nid006089 device  0 [0029:01:00] NVIDIA GH200 120GB
   0: #  Rank 615 Group  0 Pid  26329 on  nid006089 device  0 [0039:01:00] NVIDIA GH200 120GB
   0: #  Rank 616 Group  0 Pid   8409 on  nid006090 device  0 [0009:01:00] NVIDIA GH200 120GB
   0: #  Rank 617 Group  0 Pid   8410 on  nid006090 device  0 [0019:01:00] NVIDIA GH200 120GB
   0: #  Rank 618 Group  0 Pid   8411 on  nid006090 device  0 [0029:01:00] NVIDIA GH200 120GB
   0: #  Rank 619 Group  0 Pid   8413 on  nid006090 device  0 [0039:01:00] NVIDIA GH200 120GB
   0: #  Rank 620 Group  0 Pid   7847 on  nid006091 device  0 [0009:01:00] NVIDIA GH200 120GB
   0: #  Rank 621 Group  0 Pid   7848 on  nid006091 device  0 [0019:01:00] NVIDIA GH200 120GB
   0: #  Rank 622 Group  0 Pid   7849 on  nid006091 device  0 [0029:01:00] NVIDIA GH200 120GB
   0: #  Rank 623 Group  0 Pid   7850 on  nid006091 device  0 [0039:01:00] NVIDIA GH200 120GB
   0: #  Rank 624 Group  0 Pid 261905 on  nid006092 device  0 [0009:01:00] NVIDIA GH200 120GB
   0: #  Rank 625 Group  0 Pid 261906 on  nid006092 device  0 [0019:01:00] NVIDIA GH200 120GB
   0: #  Rank 626 Group  0 Pid 261907 on  nid006092 device  0 [0029:01:00] NVIDIA GH200 120GB
   0: #  Rank 627 Group  0 Pid 261908 on  nid006092 device  0 [0039:01:00] NVIDIA GH200 120GB
   0: #  Rank 628 Group  0 Pid  72405 on  nid006094 device  0 [0009:01:00] NVIDIA GH200 120GB
   0: #  Rank 629 Group  0 Pid  72406 on  nid006094 device  0 [0019:01:00] NVIDIA GH200 120GB
   0: #  Rank 630 Group  0 Pid  72408 on  nid006094 device  0 [0029:01:00] NVIDIA GH200 120GB
   0: #  Rank 631 Group  0 Pid  72409 on  nid006094 device  0 [0039:01:00] NVIDIA GH200 120GB
   0: #  Rank 632 Group  0 Pid   8706 on  nid006095 device  0 [0009:01:00] NVIDIA GH200 120GB
   0: #  Rank 633 Group  0 Pid   8707 on  nid006095 device  0 [0019:01:00] NVIDIA GH200 120GB
   0: #  Rank 634 Group  0 Pid   8708 on  nid006095 device  0 [0029:01:00] NVIDIA GH200 120GB
   0: #  Rank 635 Group  0 Pid   8709 on  nid006095 device  0 [0039:01:00] NVIDIA GH200 120GB
   0: #  Rank 636 Group  0 Pid 293038 on  nid006096 device  0 [0009:01:00] NVIDIA GH200 120GB
   0: #  Rank 637 Group  0 Pid 293039 on  nid006096 device  0 [0019:01:00] NVIDIA GH200 120GB
   0: #  Rank 638 Group  0 Pid 293040 on  nid006096 device  0 [0029:01:00] NVIDIA GH200 120GB
   0: #  Rank 639 Group  0 Pid 293041 on  nid006096 device  0 [0039:01:00] NVIDIA GH200 120GB
   0: #  Rank 640 Group  0 Pid 294808 on  nid006098 device  0 [0009:01:00] NVIDIA GH200 120GB
   0: #  Rank 641 Group  0 Pid 294809 on  nid006098 device  0 [0019:01:00] NVIDIA GH200 120GB
   0: #  Rank 642 Group  0 Pid 294810 on  nid006098 device  0 [0029:01:00] NVIDIA GH200 120GB
   0: #  Rank 643 Group  0 Pid 294811 on  nid006098 device  0 [0039:01:00] NVIDIA GH200 120GB
   0: #  Rank 644 Group  0 Pid 288270 on  nid006099 device  0 [0009:01:00] NVIDIA GH200 120GB
   0: #  Rank 645 Group  0 Pid 288271 on  nid006099 device  0 [0019:01:00] NVIDIA GH200 120GB
   0: #  Rank 646 Group  0 Pid 288272 on  nid006099 device  0 [0029:01:00] NVIDIA GH200 120GB
   0: #  Rank 647 Group  0 Pid 288273 on  nid006099 device  0 [0039:01:00] NVIDIA GH200 120GB
   0: #  Rank 648 Group  0 Pid  38312 on  nid006100 device  0 [0009:01:00] NVIDIA GH200 120GB
   0: #  Rank 649 Group  0 Pid  38313 on  nid006100 device  0 [0019:01:00] NVIDIA GH200 120GB
   0: #  Rank 650 Group  0 Pid  38314 on  nid006100 device  0 [0029:01:00] NVIDIA GH200 120GB
   0: #  Rank 651 Group  0 Pid  38315 on  nid006100 device  0 [0039:01:00] NVIDIA GH200 120GB
   0: #  Rank 652 Group  0 Pid 290865 on  nid006101 device  0 [0009:01:00] NVIDIA GH200 120GB
   0: #  Rank 653 Group  0 Pid 290866 on  nid006101 device  0 [0019:01:00] NVIDIA GH200 120GB
   0: #  Rank 654 Group  0 Pid 290867 on  nid006101 device  0 [0029:01:00] NVIDIA GH200 120GB
   0: #  Rank 655 Group  0 Pid 290868 on  nid006101 device  0 [0039:01:00] NVIDIA GH200 120GB
   0: #  Rank 656 Group  0 Pid 167551 on  nid006103 device  0 [0009:01:00] NVIDIA GH200 120GB
   0: #  Rank 657 Group  0 Pid 167552 on  nid006103 device  0 [0019:01:00] NVIDIA GH200 120GB
   0: #  Rank 658 Group  0 Pid 167553 on  nid006103 device  0 [0029:01:00] NVIDIA GH200 120GB
   0: #  Rank 659 Group  0 Pid 167554 on  nid006103 device  0 [0039:01:00] NVIDIA GH200 120GB
   0: #  Rank 660 Group  0 Pid   5665 on  nid006104 device  0 [0009:01:00] NVIDIA GH200 120GB
   0: #  Rank 661 Group  0 Pid   5666 on  nid006104 device  0 [0019:01:00] NVIDIA GH200 120GB
   0: #  Rank 662 Group  0 Pid   5667 on  nid006104 device  0 [0029:01:00] NVIDIA GH200 120GB
   0: #  Rank 663 Group  0 Pid   5668 on  nid006104 device  0 [0039:01:00] NVIDIA GH200 120GB
   0: #  Rank 664 Group  0 Pid  49675 on  nid006105 device  0 [0009:01:00] NVIDIA GH200 120GB
   0: #  Rank 665 Group  0 Pid  49676 on  nid006105 device  0 [0019:01:00] NVIDIA GH200 120GB
   0: #  Rank 666 Group  0 Pid  49677 on  nid006105 device  0 [0029:01:00] NVIDIA GH200 120GB
   0: #  Rank 667 Group  0 Pid  49678 on  nid006105 device  0 [0039:01:00] NVIDIA GH200 120GB
   0: #  Rank 668 Group  0 Pid   2025 on  nid006106 device  0 [0009:01:00] NVIDIA GH200 120GB
   0: #  Rank 669 Group  0 Pid   2026 on  nid006106 device  0 [0019:01:00] NVIDIA GH200 120GB
   0: #  Rank 670 Group  0 Pid   2027 on  nid006106 device  0 [0029:01:00] NVIDIA GH200 120GB
   0: #  Rank 671 Group  0 Pid   2028 on  nid006106 device  0 [0039:01:00] NVIDIA GH200 120GB
   0: #  Rank 672 Group  0 Pid  58252 on  nid006107 device  0 [0009:01:00] NVIDIA GH200 120GB
   0: #  Rank 673 Group  0 Pid  58253 on  nid006107 device  0 [0019:01:00] NVIDIA GH200 120GB
   0: #  Rank 674 Group  0 Pid  58254 on  nid006107 device  0 [0029:01:00] NVIDIA GH200 120GB
   0: #  Rank 675 Group  0 Pid  58255 on  nid006107 device  0 [0039:01:00] NVIDIA GH200 120GB
   0: #  Rank 676 Group  0 Pid  84421 on  nid006130 device  0 [0009:01:00] NVIDIA GH200 120GB
   0: #  Rank 677 Group  0 Pid  84422 on  nid006130 device  0 [0019:01:00] NVIDIA GH200 120GB
   0: #  Rank 678 Group  0 Pid  84423 on  nid006130 device  0 [0029:01:00] NVIDIA GH200 120GB
   0: #  Rank 679 Group  0 Pid  84424 on  nid006130 device  0 [0039:01:00] NVIDIA GH200 120GB
   0: #  Rank 680 Group  0 Pid 105926 on  nid006138 device  0 [0009:01:00] NVIDIA GH200 120GB
   0: #  Rank 681 Group  0 Pid 105927 on  nid006138 device  0 [0019:01:00] NVIDIA GH200 120GB
   0: #  Rank 682 Group  0 Pid 105928 on  nid006138 device  0 [0029:01:00] NVIDIA GH200 120GB
   0: #  Rank 683 Group  0 Pid 105929 on  nid006138 device  0 [0039:01:00] NVIDIA GH200 120GB
   0: #  Rank 684 Group  0 Pid  65890 on  nid006140 device  0 [0009:01:00] NVIDIA GH200 120GB
   0: #  Rank 685 Group  0 Pid  65891 on  nid006140 device  0 [0019:01:00] NVIDIA GH200 120GB
   0: #  Rank 686 Group  0 Pid  65892 on  nid006140 device  0 [0029:01:00] NVIDIA GH200 120GB
   0: #  Rank 687 Group  0 Pid  65893 on  nid006140 device  0 [0039:01:00] NVIDIA GH200 120GB
   0: #  Rank 688 Group  0 Pid 152611 on  nid006141 device  0 [0009:01:00] NVIDIA GH200 120GB
   0: #  Rank 689 Group  0 Pid 152612 on  nid006141 device  0 [0019:01:00] NVIDIA GH200 120GB
   0: #  Rank 690 Group  0 Pid 152613 on  nid006141 device  0 [0029:01:00] NVIDIA GH200 120GB
   0: #  Rank 691 Group  0 Pid 152614 on  nid006141 device  0 [0039:01:00] NVIDIA GH200 120GB
   0: #  Rank 692 Group  0 Pid 122464 on  nid006142 device  0 [0009:01:00] NVIDIA GH200 120GB
   0: #  Rank 693 Group  0 Pid 122465 on  nid006142 device  0 [0019:01:00] NVIDIA GH200 120GB
   0: #  Rank 694 Group  0 Pid 122466 on  nid006142 device  0 [0029:01:00] NVIDIA GH200 120GB
   0: #  Rank 695 Group  0 Pid 122467 on  nid006142 device  0 [0039:01:00] NVIDIA GH200 120GB
   0: #  Rank 696 Group  0 Pid  62046 on  nid006143 device  0 [0009:01:00] NVIDIA GH200 120GB
   0: #  Rank 697 Group  0 Pid  62047 on  nid006143 device  0 [0019:01:00] NVIDIA GH200 120GB
   0: #  Rank 698 Group  0 Pid  62048 on  nid006143 device  0 [0029:01:00] NVIDIA GH200 120GB
   0: #  Rank 699 Group  0 Pid  62049 on  nid006143 device  0 [0039:01:00] NVIDIA GH200 120GB
   0: #  Rank 700 Group  0 Pid  55369 on  nid006144 device  0 [0009:01:00] NVIDIA GH200 120GB
   0: #  Rank 701 Group  0 Pid  55370 on  nid006144 device  0 [0019:01:00] NVIDIA GH200 120GB
   0: #  Rank 702 Group  0 Pid  55371 on  nid006144 device  0 [0029:01:00] NVIDIA GH200 120GB
   0: #  Rank 703 Group  0 Pid  55372 on  nid006144 device  0 [0039:01:00] NVIDIA GH200 120GB
   0: #  Rank 704 Group  0 Pid  88944 on  nid006145 device  0 [0009:01:00] NVIDIA GH200 120GB
   0: #  Rank 705 Group  0 Pid  88945 on  nid006145 device  0 [0019:01:00] NVIDIA GH200 120GB
   0: #  Rank 706 Group  0 Pid  88946 on  nid006145 device  0 [0029:01:00] NVIDIA GH200 120GB
   0: #  Rank 707 Group  0 Pid  88947 on  nid006145 device  0 [0039:01:00] NVIDIA GH200 120GB
   0: #  Rank 708 Group  0 Pid   8044 on  nid006146 device  0 [0009:01:00] NVIDIA GH200 120GB
   0: #  Rank 709 Group  0 Pid   8045 on  nid006146 device  0 [0019:01:00] NVIDIA GH200 120GB
   0: #  Rank 710 Group  0 Pid   8046 on  nid006146 device  0 [0029:01:00] NVIDIA GH200 120GB
   0: #  Rank 711 Group  0 Pid   8047 on  nid006146 device  0 [0039:01:00] NVIDIA GH200 120GB
   0: #  Rank 712 Group  0 Pid 129382 on  nid006147 device  0 [0009:01:00] NVIDIA GH200 120GB
   0: #  Rank 713 Group  0 Pid 129383 on  nid006147 device  0 [0019:01:00] NVIDIA GH200 120GB
   0: #  Rank 714 Group  0 Pid 129384 on  nid006147 device  0 [0029:01:00] NVIDIA GH200 120GB
   0: #  Rank 715 Group  0 Pid 129385 on  nid006147 device  0 [0039:01:00] NVIDIA GH200 120GB
   0: #  Rank 716 Group  0 Pid 294335 on  nid006148 device  0 [0009:01:00] NVIDIA GH200 120GB
   0: #  Rank 717 Group  0 Pid 294336 on  nid006148 device  0 [0019:01:00] NVIDIA GH200 120GB
   0: #  Rank 718 Group  0 Pid 294337 on  nid006148 device  0 [0029:01:00] NVIDIA GH200 120GB
   0: #  Rank 719 Group  0 Pid 294338 on  nid006148 device  0 [0039:01:00] NVIDIA GH200 120GB
   0: #  Rank 720 Group  0 Pid  27355 on  nid006149 device  0 [0009:01:00] NVIDIA GH200 120GB
   0: #  Rank 721 Group  0 Pid  27356 on  nid006149 device  0 [0019:01:00] NVIDIA GH200 120GB
   0: #  Rank 722 Group  0 Pid  27357 on  nid006149 device  0 [0029:01:00] NVIDIA GH200 120GB
   0: #  Rank 723 Group  0 Pid  27358 on  nid006149 device  0 [0039:01:00] NVIDIA GH200 120GB
   0: #  Rank 724 Group  0 Pid  41865 on  nid006150 device  0 [0009:01:00] NVIDIA GH200 120GB
   0: #  Rank 725 Group  0 Pid  41866 on  nid006150 device  0 [0019:01:00] NVIDIA GH200 120GB
   0: #  Rank 726 Group  0 Pid  41867 on  nid006150 device  0 [0029:01:00] NVIDIA GH200 120GB
   0: #  Rank 727 Group  0 Pid  41868 on  nid006150 device  0 [0039:01:00] NVIDIA GH200 120GB
   0: #  Rank 728 Group  0 Pid  34418 on  nid006151 device  0 [0009:01:00] NVIDIA GH200 120GB
   0: #  Rank 729 Group  0 Pid  34419 on  nid006151 device  0 [0019:01:00] NVIDIA GH200 120GB
   0: #  Rank 730 Group  0 Pid  34420 on  nid006151 device  0 [0029:01:00] NVIDIA GH200 120GB
   0: #  Rank 731 Group  0 Pid  34421 on  nid006151 device  0 [0039:01:00] NVIDIA GH200 120GB
   0: #  Rank 732 Group  0 Pid  15670 on  nid006152 device  0 [0009:01:00] NVIDIA GH200 120GB
   0: #  Rank 733 Group  0 Pid  15671 on  nid006152 device  0 [0019:01:00] NVIDIA GH200 120GB
   0: #  Rank 734 Group  0 Pid  15672 on  nid006152 device  0 [0029:01:00] NVIDIA GH200 120GB
   0: #  Rank 735 Group  0 Pid  15673 on  nid006152 device  0 [0039:01:00] NVIDIA GH200 120GB
   0: #  Rank 736 Group  0 Pid  11028 on  nid006153 device  0 [0009:01:00] NVIDIA GH200 120GB
   0: #  Rank 737 Group  0 Pid  11029 on  nid006153 device  0 [0019:01:00] NVIDIA GH200 120GB
   0: #  Rank 738 Group  0 Pid  11030 on  nid006153 device  0 [0029:01:00] NVIDIA GH200 120GB
   0: #  Rank 739 Group  0 Pid  11031 on  nid006153 device  0 [0039:01:00] NVIDIA GH200 120GB
   0: #  Rank 740 Group  0 Pid  93849 on  nid006154 device  0 [0009:01:00] NVIDIA GH200 120GB
   0: #  Rank 741 Group  0 Pid  93850 on  nid006154 device  0 [0019:01:00] NVIDIA GH200 120GB
   0: #  Rank 742 Group  0 Pid  93851 on  nid006154 device  0 [0029:01:00] NVIDIA GH200 120GB
   0: #  Rank 743 Group  0 Pid  93852 on  nid006154 device  0 [0039:01:00] NVIDIA GH200 120GB
   0: #  Rank 744 Group  0 Pid  11656 on  nid006155 device  0 [0009:01:00] NVIDIA GH200 120GB
   0: #  Rank 745 Group  0 Pid  11657 on  nid006155 device  0 [0019:01:00] NVIDIA GH200 120GB
   0: #  Rank 746 Group  0 Pid  11658 on  nid006155 device  0 [0029:01:00] NVIDIA GH200 120GB
   0: #  Rank 747 Group  0 Pid  11659 on  nid006155 device  0 [0039:01:00] NVIDIA GH200 120GB
   0: #  Rank 748 Group  0 Pid  30514 on  nid006156 device  0 [0009:01:00] NVIDIA GH200 120GB
   0: #  Rank 749 Group  0 Pid  30515 on  nid006156 device  0 [0019:01:00] NVIDIA GH200 120GB
   0: #  Rank 750 Group  0 Pid  30516 on  nid006156 device  0 [0029:01:00] NVIDIA GH200 120GB
   0: #  Rank 751 Group  0 Pid  30517 on  nid006156 device  0 [0039:01:00] NVIDIA GH200 120GB
   0: #  Rank 752 Group  0 Pid  24012 on  nid006157 device  0 [0009:01:00] NVIDIA GH200 120GB
   0: #  Rank 753 Group  0 Pid  24013 on  nid006157 device  0 [0019:01:00] NVIDIA GH200 120GB
   0: #  Rank 754 Group  0 Pid  24014 on  nid006157 device  0 [0029:01:00] NVIDIA GH200 120GB
   0: #  Rank 755 Group  0 Pid  24015 on  nid006157 device  0 [0039:01:00] NVIDIA GH200 120GB
   0: #  Rank 756 Group  0 Pid  49009 on  nid006158 device  0 [0009:01:00] NVIDIA GH200 120GB
   0: #  Rank 757 Group  0 Pid  49010 on  nid006158 device  0 [0019:01:00] NVIDIA GH200 120GB
   0: #  Rank 758 Group  0 Pid  49011 on  nid006158 device  0 [0029:01:00] NVIDIA GH200 120GB
   0: #  Rank 759 Group  0 Pid  49012 on  nid006158 device  0 [0039:01:00] NVIDIA GH200 120GB
   0: #  Rank 760 Group  0 Pid  67750 on  nid006159 device  0 [0009:01:00] NVIDIA GH200 120GB
   0: #  Rank 761 Group  0 Pid  67751 on  nid006159 device  0 [0019:01:00] NVIDIA GH200 120GB
   0: #  Rank 762 Group  0 Pid  67752 on  nid006159 device  0 [0029:01:00] NVIDIA GH200 120GB
   0: #  Rank 763 Group  0 Pid  67753 on  nid006159 device  0 [0039:01:00] NVIDIA GH200 120GB
   0: #  Rank 764 Group  0 Pid  41968 on  nid006160 device  0 [0009:01:00] NVIDIA GH200 120GB
   0: #  Rank 765 Group  0 Pid  41969 on  nid006160 device  0 [0019:01:00] NVIDIA GH200 120GB
   0: #  Rank 766 Group  0 Pid  41970 on  nid006160 device  0 [0029:01:00] NVIDIA GH200 120GB
   0: #  Rank 767 Group  0 Pid  41971 on  nid006160 device  0 [0039:01:00] NVIDIA GH200 120GB
   0: #  Rank 768 Group  0 Pid  37014 on  nid006161 device  0 [0009:01:00] NVIDIA GH200 120GB
   0: #  Rank 769 Group  0 Pid  37015 on  nid006161 device  0 [0019:01:00] NVIDIA GH200 120GB
   0: #  Rank 770 Group  0 Pid  37016 on  nid006161 device  0 [0029:01:00] NVIDIA GH200 120GB
   0: #  Rank 771 Group  0 Pid  37017 on  nid006161 device  0 [0039:01:00] NVIDIA GH200 120GB
   0: #  Rank 772 Group  0 Pid 124579 on  nid006162 device  0 [0009:01:00] NVIDIA GH200 120GB
   0: #  Rank 773 Group  0 Pid 124580 on  nid006162 device  0 [0019:01:00] NVIDIA GH200 120GB
   0: #  Rank 774 Group  0 Pid 124581 on  nid006162 device  0 [0029:01:00] NVIDIA GH200 120GB
   0: #  Rank 775 Group  0 Pid 124582 on  nid006162 device  0 [0039:01:00] NVIDIA GH200 120GB
   0: #  Rank 776 Group  0 Pid  18523 on  nid006163 device  0 [0009:01:00] NVIDIA GH200 120GB
   0: #  Rank 777 Group  0 Pid  18524 on  nid006163 device  0 [0019:01:00] NVIDIA GH200 120GB
   0: #  Rank 778 Group  0 Pid  18525 on  nid006163 device  0 [0029:01:00] NVIDIA GH200 120GB
   0: #  Rank 779 Group  0 Pid  18526 on  nid006163 device  0 [0039:01:00] NVIDIA GH200 120GB
   0: #  Rank 780 Group  0 Pid  31933 on  nid006164 device  0 [0009:01:00] NVIDIA GH200 120GB
   0: #  Rank 781 Group  0 Pid  31934 on  nid006164 device  0 [0019:01:00] NVIDIA GH200 120GB
   0: #  Rank 782 Group  0 Pid  31935 on  nid006164 device  0 [0029:01:00] NVIDIA GH200 120GB
   0: #  Rank 783 Group  0 Pid  31936 on  nid006164 device  0 [0039:01:00] NVIDIA GH200 120GB
   0: #  Rank 784 Group  0 Pid  75460 on  nid006165 device  0 [0009:01:00] NVIDIA GH200 120GB
   0: #  Rank 785 Group  0 Pid  75461 on  nid006165 device  0 [0019:01:00] NVIDIA GH200 120GB
   0: #  Rank 786 Group  0 Pid  75462 on  nid006165 device  0 [0029:01:00] NVIDIA GH200 120GB
   0: #  Rank 787 Group  0 Pid  75463 on  nid006165 device  0 [0039:01:00] NVIDIA GH200 120GB
   0: #  Rank 788 Group  0 Pid  25290 on  nid006167 device  0 [0009:01:00] NVIDIA GH200 120GB
   0: #  Rank 789 Group  0 Pid  25291 on  nid006167 device  0 [0019:01:00] NVIDIA GH200 120GB
   0: #  Rank 790 Group  0 Pid  25292 on  nid006167 device  0 [0029:01:00] NVIDIA GH200 120GB
   0: #  Rank 791 Group  0 Pid  25293 on  nid006167 device  0 [0039:01:00] NVIDIA GH200 120GB
   0: #  Rank 792 Group  0 Pid 273351 on  nid006168 device  0 [0009:01:00] NVIDIA GH200 120GB
   0: #  Rank 793 Group  0 Pid 273352 on  nid006168 device  0 [0019:01:00] NVIDIA GH200 120GB
   0: #  Rank 794 Group  0 Pid 273353 on  nid006168 device  0 [0029:01:00] NVIDIA GH200 120GB
   0: #  Rank 795 Group  0 Pid 273354 on  nid006168 device  0 [0039:01:00] NVIDIA GH200 120GB
   0: #  Rank 796 Group  0 Pid   4095 on  nid006169 device  0 [0009:01:00] NVIDIA GH200 120GB
   0: #  Rank 797 Group  0 Pid   4154 on  nid006169 device  0 [0019:01:00] NVIDIA GH200 120GB
   0: #  Rank 798 Group  0 Pid   4155 on  nid006169 device  0 [0029:01:00] NVIDIA GH200 120GB
   0: #  Rank 799 Group  0 Pid   4156 on  nid006169 device  0 [0039:01:00] NVIDIA GH200 120GB
   0: #  Rank 800 Group  0 Pid  17823 on  nid006170 device  0 [0009:01:00] NVIDIA GH200 120GB
   0: #  Rank 801 Group  0 Pid  17824 on  nid006170 device  0 [0019:01:00] NVIDIA GH200 120GB
   0: #  Rank 802 Group  0 Pid  17825 on  nid006170 device  0 [0029:01:00] NVIDIA GH200 120GB
   0: #  Rank 803 Group  0 Pid  17826 on  nid006170 device  0 [0039:01:00] NVIDIA GH200 120GB
   0: #  Rank 804 Group  0 Pid 270144 on  nid006171 device  0 [0009:01:00] NVIDIA GH200 120GB
   0: #  Rank 805 Group  0 Pid 270145 on  nid006171 device  0 [0019:01:00] NVIDIA GH200 120GB
   0: #  Rank 806 Group  0 Pid 270146 on  nid006171 device  0 [0029:01:00] NVIDIA GH200 120GB
   0: #  Rank 807 Group  0 Pid 270147 on  nid006171 device  0 [0039:01:00] NVIDIA GH200 120GB
   0: #  Rank 808 Group  0 Pid 292676 on  nid006172 device  0 [0009:01:00] NVIDIA GH200 120GB
   0: #  Rank 809 Group  0 Pid 292677 on  nid006172 device  0 [0019:01:00] NVIDIA GH200 120GB
   0: #  Rank 810 Group  0 Pid 292678 on  nid006172 device  0 [0029:01:00] NVIDIA GH200 120GB
   0: #  Rank 811 Group  0 Pid 292679 on  nid006172 device  0 [0039:01:00] NVIDIA GH200 120GB
   0: #  Rank 812 Group  0 Pid  30059 on  nid006173 device  0 [0009:01:00] NVIDIA GH200 120GB
   0: #  Rank 813 Group  0 Pid  30060 on  nid006173 device  0 [0019:01:00] NVIDIA GH200 120GB
   0: #  Rank 814 Group  0 Pid  30061 on  nid006173 device  0 [0029:01:00] NVIDIA GH200 120GB
   0: #  Rank 815 Group  0 Pid  30062 on  nid006173 device  0 [0039:01:00] NVIDIA GH200 120GB
   0: #  Rank 816 Group  0 Pid  42699 on  nid006174 device  0 [0009:01:00] NVIDIA GH200 120GB
   0: #  Rank 817 Group  0 Pid  42700 on  nid006174 device  0 [0019:01:00] NVIDIA GH200 120GB
   0: #  Rank 818 Group  0 Pid  42701 on  nid006174 device  0 [0029:01:00] NVIDIA GH200 120GB
   0: #  Rank 819 Group  0 Pid  42702 on  nid006174 device  0 [0039:01:00] NVIDIA GH200 120GB
   0: #  Rank 820 Group  0 Pid  31736 on  nid006175 device  0 [0009:01:00] NVIDIA GH200 120GB
   0: #  Rank 821 Group  0 Pid  31737 on  nid006175 device  0 [0019:01:00] NVIDIA GH200 120GB
   0: #  Rank 822 Group  0 Pid  31738 on  nid006175 device  0 [0029:01:00] NVIDIA GH200 120GB
   0: #  Rank 823 Group  0 Pid  31739 on  nid006175 device  0 [0039:01:00] NVIDIA GH200 120GB
   0: #  Rank 824 Group  0 Pid  33515 on  nid006176 device  0 [0009:01:00] NVIDIA GH200 120GB
   0: #  Rank 825 Group  0 Pid  33516 on  nid006176 device  0 [0019:01:00] NVIDIA GH200 120GB
   0: #  Rank 826 Group  0 Pid  33517 on  nid006176 device  0 [0029:01:00] NVIDIA GH200 120GB
   0: #  Rank 827 Group  0 Pid  33518 on  nid006176 device  0 [0039:01:00] NVIDIA GH200 120GB
   0: #  Rank 828 Group  0 Pid  18187 on  nid006177 device  0 [0009:01:00] NVIDIA GH200 120GB
   0: #  Rank 829 Group  0 Pid  18188 on  nid006177 device  0 [0019:01:00] NVIDIA GH200 120GB
   0: #  Rank 830 Group  0 Pid  18189 on  nid006177 device  0 [0029:01:00] NVIDIA GH200 120GB
   0: #  Rank 831 Group  0 Pid  18190 on  nid006177 device  0 [0039:01:00] NVIDIA GH200 120GB
   0: #  Rank 832 Group  0 Pid   3865 on  nid006178 device  0 [0009:01:00] NVIDIA GH200 120GB
   0: #  Rank 833 Group  0 Pid   3866 on  nid006178 device  0 [0019:01:00] NVIDIA GH200 120GB
   0: #  Rank 834 Group  0 Pid   3867 on  nid006178 device  0 [0029:01:00] NVIDIA GH200 120GB
   0: #  Rank 835 Group  0 Pid   3868 on  nid006178 device  0 [0039:01:00] NVIDIA GH200 120GB
   0: #  Rank 836 Group  0 Pid  20405 on  nid006179 device  0 [0009:01:00] NVIDIA GH200 120GB
   0: #  Rank 837 Group  0 Pid  20406 on  nid006179 device  0 [0019:01:00] NVIDIA GH200 120GB
   0: #  Rank 838 Group  0 Pid  20407 on  nid006179 device  0 [0029:01:00] NVIDIA GH200 120GB
   0: #  Rank 839 Group  0 Pid  20408 on  nid006179 device  0 [0039:01:00] NVIDIA GH200 120GB
   0: #  Rank 840 Group  0 Pid  12775 on  nid006180 device  0 [0009:01:00] NVIDIA GH200 120GB
   0: #  Rank 841 Group  0 Pid  12776 on  nid006180 device  0 [0019:01:00] NVIDIA GH200 120GB
   0: #  Rank 842 Group  0 Pid  12778 on  nid006180 device  0 [0029:01:00] NVIDIA GH200 120GB
   0: #  Rank 843 Group  0 Pid  12779 on  nid006180 device  0 [0039:01:00] NVIDIA GH200 120GB
   0: #  Rank 844 Group  0 Pid 120354 on  nid006181 device  0 [0009:01:00] NVIDIA GH200 120GB
   0: #  Rank 845 Group  0 Pid 120355 on  nid006181 device  0 [0019:01:00] NVIDIA GH200 120GB
   0: #  Rank 846 Group  0 Pid 120356 on  nid006181 device  0 [0029:01:00] NVIDIA GH200 120GB
   0: #  Rank 847 Group  0 Pid 120357 on  nid006181 device  0 [0039:01:00] NVIDIA GH200 120GB
   0: #  Rank 848 Group  0 Pid  21567 on  nid006182 device  0 [0009:01:00] NVIDIA GH200 120GB
   0: #  Rank 849 Group  0 Pid  21568 on  nid006182 device  0 [0019:01:00] NVIDIA GH200 120GB
   0: #  Rank 850 Group  0 Pid  21569 on  nid006182 device  0 [0029:01:00] NVIDIA GH200 120GB
   0: #  Rank 851 Group  0 Pid  21570 on  nid006182 device  0 [0039:01:00] NVIDIA GH200 120GB
   0: #  Rank 852 Group  0 Pid  23475 on  nid006183 device  0 [0009:01:00] NVIDIA GH200 120GB
   0: #  Rank 853 Group  0 Pid  23476 on  nid006183 device  0 [0019:01:00] NVIDIA GH200 120GB
   0: #  Rank 854 Group  0 Pid  23477 on  nid006183 device  0 [0029:01:00] NVIDIA GH200 120GB
   0: #  Rank 855 Group  0 Pid  23478 on  nid006183 device  0 [0039:01:00] NVIDIA GH200 120GB
   0: #  Rank 856 Group  0 Pid  86601 on  nid006184 device  0 [0009:01:00] NVIDIA GH200 120GB
   0: #  Rank 857 Group  0 Pid  86602 on  nid006184 device  0 [0019:01:00] NVIDIA GH200 120GB
   0: #  Rank 858 Group  0 Pid  86603 on  nid006184 device  0 [0029:01:00] NVIDIA GH200 120GB
   0: #  Rank 859 Group  0 Pid  86604 on  nid006184 device  0 [0039:01:00] NVIDIA GH200 120GB
   0: #  Rank 860 Group  0 Pid  22611 on  nid006185 device  0 [0009:01:00] NVIDIA GH200 120GB
   0: #  Rank 861 Group  0 Pid  22612 on  nid006185 device  0 [0019:01:00] NVIDIA GH200 120GB
   0: #  Rank 862 Group  0 Pid  22613 on  nid006185 device  0 [0029:01:00] NVIDIA GH200 120GB
   0: #  Rank 863 Group  0 Pid  22614 on  nid006185 device  0 [0039:01:00] NVIDIA GH200 120GB
   0: #  Rank 864 Group  0 Pid 293162 on  nid006186 device  0 [0009:01:00] NVIDIA GH200 120GB
   0: #  Rank 865 Group  0 Pid 293163 on  nid006186 device  0 [0019:01:00] NVIDIA GH200 120GB
   0: #  Rank 866 Group  0 Pid 293164 on  nid006186 device  0 [0029:01:00] NVIDIA GH200 120GB
   0: #  Rank 867 Group  0 Pid 293165 on  nid006186 device  0 [0039:01:00] NVIDIA GH200 120GB
   0: #  Rank 868 Group  0 Pid 140202 on  nid006187 device  0 [0009:01:00] NVIDIA GH200 120GB
   0: #  Rank 869 Group  0 Pid 140203 on  nid006187 device  0 [0019:01:00] NVIDIA GH200 120GB
   0: #  Rank 870 Group  0 Pid 140204 on  nid006187 device  0 [0029:01:00] NVIDIA GH200 120GB
   0: #  Rank 871 Group  0 Pid 140205 on  nid006187 device  0 [0039:01:00] NVIDIA GH200 120GB
   0: #  Rank 872 Group  0 Pid 130093 on  nid006188 device  0 [0009:01:00] NVIDIA GH200 120GB
   0: #  Rank 873 Group  0 Pid 130094 on  nid006188 device  0 [0019:01:00] NVIDIA GH200 120GB
   0: #  Rank 874 Group  0 Pid 130095 on  nid006188 device  0 [0029:01:00] NVIDIA GH200 120GB
   0: #  Rank 875 Group  0 Pid 130096 on  nid006188 device  0 [0039:01:00] NVIDIA GH200 120GB
   0: #  Rank 876 Group  0 Pid  38438 on  nid006189 device  0 [0009:01:00] NVIDIA GH200 120GB
   0: #  Rank 877 Group  0 Pid  38439 on  nid006189 device  0 [0019:01:00] NVIDIA GH200 120GB
   0: #  Rank 878 Group  0 Pid  38440 on  nid006189 device  0 [0029:01:00] NVIDIA GH200 120GB
   0: #  Rank 879 Group  0 Pid  38441 on  nid006189 device  0 [0039:01:00] NVIDIA GH200 120GB
   0: #  Rank 880 Group  0 Pid  16385 on  nid006190 device  0 [0009:01:00] NVIDIA GH200 120GB
   0: #  Rank 881 Group  0 Pid  16386 on  nid006190 device  0 [0019:01:00] NVIDIA GH200 120GB
   0: #  Rank 882 Group  0 Pid  16387 on  nid006190 device  0 [0029:01:00] NVIDIA GH200 120GB
   0: #  Rank 883 Group  0 Pid  16388 on  nid006190 device  0 [0039:01:00] NVIDIA GH200 120GB
   0: #  Rank 884 Group  0 Pid  24198 on  nid006191 device  0 [0009:01:00] NVIDIA GH200 120GB
   0: #  Rank 885 Group  0 Pid  24199 on  nid006191 device  0 [0019:01:00] NVIDIA GH200 120GB
   0: #  Rank 886 Group  0 Pid  24200 on  nid006191 device  0 [0029:01:00] NVIDIA GH200 120GB
   0: #  Rank 887 Group  0 Pid  24201 on  nid006191 device  0 [0039:01:00] NVIDIA GH200 120GB
   0: #  Rank 888 Group  0 Pid  36066 on  nid006192 device  0 [0009:01:00] NVIDIA GH200 120GB
   0: #  Rank 889 Group  0 Pid  36067 on  nid006192 device  0 [0019:01:00] NVIDIA GH200 120GB
   0: #  Rank 890 Group  0 Pid  36068 on  nid006192 device  0 [0029:01:00] NVIDIA GH200 120GB
   0: #  Rank 891 Group  0 Pid  36069 on  nid006192 device  0 [0039:01:00] NVIDIA GH200 120GB
   0: #  Rank 892 Group  0 Pid  12041 on  nid006193 device  0 [0009:01:00] NVIDIA GH200 120GB
   0: #  Rank 893 Group  0 Pid  12042 on  nid006193 device  0 [0019:01:00] NVIDIA GH200 120GB
   0: #  Rank 894 Group  0 Pid  12043 on  nid006193 device  0 [0029:01:00] NVIDIA GH200 120GB
   0: #  Rank 895 Group  0 Pid  12044 on  nid006193 device  0 [0039:01:00] NVIDIA GH200 120GB
   0: #  Rank 896 Group  0 Pid 279598 on  nid006195 device  0 [0009:01:00] NVIDIA GH200 120GB
   0: #  Rank 897 Group  0 Pid 279599 on  nid006195 device  0 [0019:01:00] NVIDIA GH200 120GB
   0: #  Rank 898 Group  0 Pid 279600 on  nid006195 device  0 [0029:01:00] NVIDIA GH200 120GB
   0: #  Rank 899 Group  0 Pid 279601 on  nid006195 device  0 [0039:01:00] NVIDIA GH200 120GB
   0: #  Rank 900 Group  0 Pid 279145 on  nid006196 device  0 [0009:01:00] NVIDIA GH200 120GB
   0: #  Rank 901 Group  0 Pid 279146 on  nid006196 device  0 [0019:01:00] NVIDIA GH200 120GB
   0: #  Rank 902 Group  0 Pid 279147 on  nid006196 device  0 [0029:01:00] NVIDIA GH200 120GB
   0: #  Rank 903 Group  0 Pid 279148 on  nid006196 device  0 [0039:01:00] NVIDIA GH200 120GB
   0: #  Rank 904 Group  0 Pid 279909 on  nid006197 device  0 [0009:01:00] NVIDIA GH200 120GB
   0: #  Rank 905 Group  0 Pid 279910 on  nid006197 device  0 [0019:01:00] NVIDIA GH200 120GB
   0: #  Rank 906 Group  0 Pid 279911 on  nid006197 device  0 [0029:01:00] NVIDIA GH200 120GB
   0: #  Rank 907 Group  0 Pid 279912 on  nid006197 device  0 [0039:01:00] NVIDIA GH200 120GB
   0: #  Rank 908 Group  0 Pid 276574 on  nid006198 device  0 [0009:01:00] NVIDIA GH200 120GB
   0: #  Rank 909 Group  0 Pid 276575 on  nid006198 device  0 [0019:01:00] NVIDIA GH200 120GB
   0: #  Rank 910 Group  0 Pid 276576 on  nid006198 device  0 [0029:01:00] NVIDIA GH200 120GB
   0: #  Rank 911 Group  0 Pid 276577 on  nid006198 device  0 [0039:01:00] NVIDIA GH200 120GB
   0: #  Rank 912 Group  0 Pid  65512 on  nid006199 device  0 [0009:01:00] NVIDIA GH200 120GB
   0: #  Rank 913 Group  0 Pid  65513 on  nid006199 device  0 [0019:01:00] NVIDIA GH200 120GB
   0: #  Rank 914 Group  0 Pid  65514 on  nid006199 device  0 [0029:01:00] NVIDIA GH200 120GB
   0: #  Rank 915 Group  0 Pid  65515 on  nid006199 device  0 [0039:01:00] NVIDIA GH200 120GB
   0: #  Rank 916 Group  0 Pid   5389 on  nid006200 device  0 [0009:01:00] NVIDIA GH200 120GB
   0: #  Rank 917 Group  0 Pid   5390 on  nid006200 device  0 [0019:01:00] NVIDIA GH200 120GB
   0: #  Rank 918 Group  0 Pid   5391 on  nid006200 device  0 [0029:01:00] NVIDIA GH200 120GB
   0: #  Rank 919 Group  0 Pid   5392 on  nid006200 device  0 [0039:01:00] NVIDIA GH200 120GB
   0: #  Rank 920 Group  0 Pid  72681 on  nid006201 device  0 [0009:01:00] NVIDIA GH200 120GB
   0: #  Rank 921 Group  0 Pid  72682 on  nid006201 device  0 [0019:01:00] NVIDIA GH200 120GB
   0: #  Rank 922 Group  0 Pid  72683 on  nid006201 device  0 [0029:01:00] NVIDIA GH200 120GB
   0: #  Rank 923 Group  0 Pid  72684 on  nid006201 device  0 [0039:01:00] NVIDIA GH200 120GB
   0: #  Rank 924 Group  0 Pid  79128 on  nid006202 device  0 [0009:01:00] NVIDIA GH200 120GB
   0: #  Rank 925 Group  0 Pid  79129 on  nid006202 device  0 [0019:01:00] NVIDIA GH200 120GB
   0: #  Rank 926 Group  0 Pid  79130 on  nid006202 device  0 [0029:01:00] NVIDIA GH200 120GB
   0: #  Rank 927 Group  0 Pid  79131 on  nid006202 device  0 [0039:01:00] NVIDIA GH200 120GB
   0: #  Rank 928 Group  0 Pid  32077 on  nid006203 device  0 [0009:01:00] NVIDIA GH200 120GB
   0: #  Rank 929 Group  0 Pid  32078 on  nid006203 device  0 [0019:01:00] NVIDIA GH200 120GB
   0: #  Rank 930 Group  0 Pid  32079 on  nid006203 device  0 [0029:01:00] NVIDIA GH200 120GB
   0: #  Rank 931 Group  0 Pid  32080 on  nid006203 device  0 [0039:01:00] NVIDIA GH200 120GB
   0: #  Rank 932 Group  0 Pid   6912 on  nid006204 device  0 [0009:01:00] NVIDIA GH200 120GB
   0: #  Rank 933 Group  0 Pid   6913 on  nid006204 device  0 [0019:01:00] NVIDIA GH200 120GB
   0: #  Rank 934 Group  0 Pid   6914 on  nid006204 device  0 [0029:01:00] NVIDIA GH200 120GB
   0: #  Rank 935 Group  0 Pid   6915 on  nid006204 device  0 [0039:01:00] NVIDIA GH200 120GB
   0: #  Rank 936 Group  0 Pid 273025 on  nid006205 device  0 [0009:01:00] NVIDIA GH200 120GB
   0: #  Rank 937 Group  0 Pid 273026 on  nid006205 device  0 [0019:01:00] NVIDIA GH200 120GB
   0: #  Rank 938 Group  0 Pid 273027 on  nid006205 device  0 [0029:01:00] NVIDIA GH200 120GB
   0: #  Rank 939 Group  0 Pid 273028 on  nid006205 device  0 [0039:01:00] NVIDIA GH200 120GB
   0: #  Rank 940 Group  0 Pid 269318 on  nid006206 device  0 [0009:01:00] NVIDIA GH200 120GB
   0: #  Rank 941 Group  0 Pid 269319 on  nid006206 device  0 [0019:01:00] NVIDIA GH200 120GB
   0: #  Rank 942 Group  0 Pid 269320 on  nid006206 device  0 [0029:01:00] NVIDIA GH200 120GB
   0: #  Rank 943 Group  0 Pid 269321 on  nid006206 device  0 [0039:01:00] NVIDIA GH200 120GB
   0: #  Rank 944 Group  0 Pid   3684 on  nid006207 device  0 [0009:01:00] NVIDIA GH200 120GB
   0: #  Rank 945 Group  0 Pid   3685 on  nid006207 device  0 [0019:01:00] NVIDIA GH200 120GB
   0: #  Rank 946 Group  0 Pid   3686 on  nid006207 device  0 [0029:01:00] NVIDIA GH200 120GB
   0: #  Rank 947 Group  0 Pid   3687 on  nid006207 device  0 [0039:01:00] NVIDIA GH200 120GB
   0: #  Rank 948 Group  0 Pid  34772 on  nid006208 device  0 [0009:01:00] NVIDIA GH200 120GB
   0: #  Rank 949 Group  0 Pid  34773 on  nid006208 device  0 [0019:01:00] NVIDIA GH200 120GB
   0: #  Rank 950 Group  0 Pid  34774 on  nid006208 device  0 [0029:01:00] NVIDIA GH200 120GB
   0: #  Rank 951 Group  0 Pid  34775 on  nid006208 device  0 [0039:01:00] NVIDIA GH200 120GB
   0: #  Rank 952 Group  0 Pid  12954 on  nid006209 device  0 [0009:01:00] NVIDIA GH200 120GB
   0: #  Rank 953 Group  0 Pid  12955 on  nid006209 device  0 [0019:01:00] NVIDIA GH200 120GB
   0: #  Rank 954 Group  0 Pid  12956 on  nid006209 device  0 [0029:01:00] NVIDIA GH200 120GB
   0: #  Rank 955 Group  0 Pid  12957 on  nid006209 device  0 [0039:01:00] NVIDIA GH200 120GB
   0: #  Rank 956 Group  0 Pid   8368 on  nid006210 device  0 [0009:01:00] NVIDIA GH200 120GB
   0: #  Rank 957 Group  0 Pid   8369 on  nid006210 device  0 [0019:01:00] NVIDIA GH200 120GB
   0: #  Rank 958 Group  0 Pid   8370 on  nid006210 device  0 [0029:01:00] NVIDIA GH200 120GB
   0: #  Rank 959 Group  0 Pid   8371 on  nid006210 device  0 [0039:01:00] NVIDIA GH200 120GB
   0: #  Rank 960 Group  0 Pid 277871 on  nid006211 device  0 [0009:01:00] NVIDIA GH200 120GB
   0: #  Rank 961 Group  0 Pid 277872 on  nid006211 device  0 [0019:01:00] NVIDIA GH200 120GB
   0: #  Rank 962 Group  0 Pid 277873 on  nid006211 device  0 [0029:01:00] NVIDIA GH200 120GB
   0: #  Rank 963 Group  0 Pid 277874 on  nid006211 device  0 [0039:01:00] NVIDIA GH200 120GB
   0: #  Rank 964 Group  0 Pid   2717 on  nid006212 device  0 [0009:01:00] NVIDIA GH200 120GB
   0: #  Rank 965 Group  0 Pid   2718 on  nid006212 device  0 [0019:01:00] NVIDIA GH200 120GB
   0: #  Rank 966 Group  0 Pid   2719 on  nid006212 device  0 [0029:01:00] NVIDIA GH200 120GB
   0: #  Rank 967 Group  0 Pid   2720 on  nid006212 device  0 [0039:01:00] NVIDIA GH200 120GB
   0: #  Rank 968 Group  0 Pid  21994 on  nid006213 device  0 [0009:01:00] NVIDIA GH200 120GB
   0: #  Rank 969 Group  0 Pid  21995 on  nid006213 device  0 [0019:01:00] NVIDIA GH200 120GB
   0: #  Rank 970 Group  0 Pid  21996 on  nid006213 device  0 [0029:01:00] NVIDIA GH200 120GB
   0: #  Rank 971 Group  0 Pid  21997 on  nid006213 device  0 [0039:01:00] NVIDIA GH200 120GB
   0: #  Rank 972 Group  0 Pid 112761 on  nid006214 device  0 [0009:01:00] NVIDIA GH200 120GB
   0: #  Rank 973 Group  0 Pid 112762 on  nid006214 device  0 [0019:01:00] NVIDIA GH200 120GB
   0: #  Rank 974 Group  0 Pid 112763 on  nid006214 device  0 [0029:01:00] NVIDIA GH200 120GB
   0: #  Rank 975 Group  0 Pid 112764 on  nid006214 device  0 [0039:01:00] NVIDIA GH200 120GB
   0: #  Rank 976 Group  0 Pid  35410 on  nid006215 device  0 [0009:01:00] NVIDIA GH200 120GB
   0: #  Rank 977 Group  0 Pid  35411 on  nid006215 device  0 [0019:01:00] NVIDIA GH200 120GB
   0: #  Rank 978 Group  0 Pid  35412 on  nid006215 device  0 [0029:01:00] NVIDIA GH200 120GB
   0: #  Rank 979 Group  0 Pid  35413 on  nid006215 device  0 [0039:01:00] NVIDIA GH200 120GB
   0: #  Rank 980 Group  0 Pid  41880 on  nid006216 device  0 [0009:01:00] NVIDIA GH200 120GB
   0: #  Rank 981 Group  0 Pid  41881 on  nid006216 device  0 [0019:01:00] NVIDIA GH200 120GB
   0: #  Rank 982 Group  0 Pid  41882 on  nid006216 device  0 [0029:01:00] NVIDIA GH200 120GB
   0: #  Rank 983 Group  0 Pid  41883 on  nid006216 device  0 [0039:01:00] NVIDIA GH200 120GB
   0: #  Rank 984 Group  0 Pid 100027 on  nid006217 device  0 [0009:01:00] NVIDIA GH200 120GB
   0: #  Rank 985 Group  0 Pid 100028 on  nid006217 device  0 [0019:01:00] NVIDIA GH200 120GB
   0: #  Rank 986 Group  0 Pid 100029 on  nid006217 device  0 [0029:01:00] NVIDIA GH200 120GB
   0: #  Rank 987 Group  0 Pid 100030 on  nid006217 device  0 [0039:01:00] NVIDIA GH200 120GB
   0: #  Rank 988 Group  0 Pid   4817 on  nid006218 device  0 [0009:01:00] NVIDIA GH200 120GB
   0: #  Rank 989 Group  0 Pid   4818 on  nid006218 device  0 [0019:01:00] NVIDIA GH200 120GB
   0: #  Rank 990 Group  0 Pid   4819 on  nid006218 device  0 [0029:01:00] NVIDIA GH200 120GB
   0: #  Rank 991 Group  0 Pid   4820 on  nid006218 device  0 [0039:01:00] NVIDIA GH200 120GB
   0: #  Rank 992 Group  0 Pid 160185 on  nid006219 device  0 [0009:01:00] NVIDIA GH200 120GB
   0: #  Rank 993 Group  0 Pid 160186 on  nid006219 device  0 [0019:01:00] NVIDIA GH200 120GB
   0: #  Rank 994 Group  0 Pid 160187 on  nid006219 device  0 [0029:01:00] NVIDIA GH200 120GB
   0: #  Rank 995 Group  0 Pid 160188 on  nid006219 device  0 [0039:01:00] NVIDIA GH200 120GB
   0: #  Rank 996 Group  0 Pid 249124 on  nid006220 device  0 [0009:01:00] NVIDIA GH200 120GB
   0: #  Rank 997 Group  0 Pid 249125 on  nid006220 device  0 [0019:01:00] NVIDIA GH200 120GB
   0: #  Rank 998 Group  0 Pid 249126 on  nid006220 device  0 [0029:01:00] NVIDIA GH200 120GB
   0: #  Rank 999 Group  0 Pid 249127 on  nid006220 device  0 [0039:01:00] NVIDIA GH200 120GB
   0: #  Rank 1000 Group  0 Pid  28044 on  nid006221 device  0 [0009:01:00] NVIDIA GH200 120GB
   0: #  Rank 1001 Group  0 Pid  28045 on  nid006221 device  0 [0019:01:00] NVIDIA GH200 120GB
   0: #  Rank 1002 Group  0 Pid  28046 on  nid006221 device  0 [0029:01:00] NVIDIA GH200 120GB
   0: #  Rank 1003 Group  0 Pid  28047 on  nid006221 device  0 [0039:01:00] NVIDIA GH200 120GB
   0: #  Rank 1004 Group  0 Pid 119883 on  nid006222 device  0 [0009:01:00] NVIDIA GH200 120GB
   0: #  Rank 1005 Group  0 Pid 119884 on  nid006222 device  0 [0019:01:00] NVIDIA GH200 120GB
   0: #  Rank 1006 Group  0 Pid 119885 on  nid006222 device  0 [0029:01:00] NVIDIA GH200 120GB
   0: #  Rank 1007 Group  0 Pid 119886 on  nid006222 device  0 [0039:01:00] NVIDIA GH200 120GB
   0: #  Rank 1008 Group  0 Pid 285779 on  nid006223 device  0 [0009:01:00] NVIDIA GH200 120GB
   0: #  Rank 1009 Group  0 Pid 285780 on  nid006223 device  0 [0019:01:00] NVIDIA GH200 120GB
   0: #  Rank 1010 Group  0 Pid 285781 on  nid006223 device  0 [0029:01:00] NVIDIA GH200 120GB
   0: #  Rank 1011 Group  0 Pid 285782 on  nid006223 device  0 [0039:01:00] NVIDIA GH200 120GB
   0: #  Rank 1012 Group  0 Pid 122186 on  nid006224 device  0 [0009:01:00] NVIDIA GH200 120GB
   0: #  Rank 1013 Group  0 Pid 122187 on  nid006224 device  0 [0019:01:00] NVIDIA GH200 120GB
   0: #  Rank 1014 Group  0 Pid 122188 on  nid006224 device  0 [0029:01:00] NVIDIA GH200 120GB
   0: #  Rank 1015 Group  0 Pid 122189 on  nid006224 device  0 [0039:01:00] NVIDIA GH200 120GB
   0: #  Rank 1016 Group  0 Pid  22333 on  nid006225 device  0 [0009:01:00] NVIDIA GH200 120GB
   0: #  Rank 1017 Group  0 Pid  22334 on  nid006225 device  0 [0019:01:00] NVIDIA GH200 120GB
   0: #  Rank 1018 Group  0 Pid  22335 on  nid006225 device  0 [0029:01:00] NVIDIA GH200 120GB
   0: #  Rank 1019 Group  0 Pid  22336 on  nid006225 device  0 [0039:01:00] NVIDIA GH200 120GB
   0: #  Rank 1020 Group  0 Pid 289126 on  nid006226 device  0 [0009:01:00] NVIDIA GH200 120GB
   0: #  Rank 1021 Group  0 Pid 289127 on  nid006226 device  0 [0019:01:00] NVIDIA GH200 120GB
   0: #  Rank 1022 Group  0 Pid 289128 on  nid006226 device  0 [0029:01:00] NVIDIA GH200 120GB
   0: #  Rank 1023 Group  0 Pid 289129 on  nid006226 device  0 [0039:01:00] NVIDIA GH200 120GB
   0: #
   0: #                                                              out-of-place                       in-place          
   0: #       size         count      type   redop    root     time   algbw   busbw #wrong     time   algbw   busbw #wrong
   0: #        (B)    (elements)                               (us)  (GB/s)  (GB/s)            (us)  (GB/s)  (GB/s)       
   0:            8             2     float     sum      -1    107.8    0.00    0.00      0    419.4    0.00    0.00      0
   0:           16             4     float     sum      -1    205.7    0.00    0.00      0    105.7    0.00    0.00      0
   0:           32             8     float     sum      -1    144.4    0.00    0.00      0    104.7    0.00    0.00      0
   0:           64            16     float     sum      -1    120.2    0.00    0.00      0    115.7    0.00    0.00      0
   0:          128            32     float     sum      -1    118.6    0.00    0.00      0    116.7    0.00    0.00      0
   0:          256            64     float     sum      -1    143.7    0.00    0.00      0    120.3    0.00    0.00      0
   0:          512           128     float     sum      -1    128.2    0.00    0.01      0    155.5    0.00    0.01      0
   0:         1024           256     float     sum      -1    139.3    0.01    0.01      0    137.0    0.01    0.01      0
   0:         2048           512     float     sum      -1    150.4    0.01    0.03      0    150.8    0.01    0.03      0
   0:         4096          1024     float     sum      -1    258.6    0.02    0.03      0    255.6    0.02    0.03      0
   0:         8192          2048     float     sum      -1    262.3    0.03    0.06      0    280.6    0.03    0.06      0
   0:        16384          4096     float     sum      -1    319.4    0.05    0.10      0    305.4    0.05    0.11      0
   0:        32768          8192     float     sum      -1    332.5    0.10    0.20      0    319.3    0.10    0.21      0
   0:        65536         16384     float     sum      -1    453.1    0.14    0.29      0    416.9    0.16    0.31      0
   0:       131072         32768     float     sum      -1    581.9    0.23    0.45      0    600.9    0.22    0.44      0
   0:       262144         65536     float     sum      -1    735.5    0.36    0.71      0    789.9    0.33    0.66      0
   0:       524288        131072     float     sum      -1    879.4    0.60    1.19      0    881.4    0.59    1.19      0
   0:      1048576        262144     float     sum      -1   1274.4    0.82    1.64      0   1320.6    0.79    1.59      0
   0:      2097152        524288     float     sum      -1   1831.3    1.15    2.29      0   1892.0    1.11    2.21      0
   0:      4194304       1048576     float     sum      -1   3205.9    1.31    2.61      0   3270.9    1.28    2.56      0
   0:      8388608       2097152     float     sum      -1   3273.7    2.56    5.12      0   3220.4    2.60    5.20      0
   0:     16777216       4194304     float     sum      -1   4068.8    4.12    8.24      0   3798.8    4.42    8.82      0
   0:     33554432       8388608     float     sum      -1   4369.4    7.68   15.34      0   4653.1    7.21   14.41      0
   0:     67108864      16777216     float     sum      -1   5961.3   11.26   22.49      0   6475.4   10.36   20.71      0
   0:    134217728      33554432     float     sum      -1   9025.4   14.87   29.71      0   9020.9   14.88   29.73      0
   0:    268435456      67108864     float     sum      -1    15536   17.28   34.52      0    15321   17.52   35.01      0
   0:    536870912     134217728     float     sum      -1    31555   17.01   33.99      0    32384   16.58   33.12      0
   0:   1073741824     268435456     float     sum      -1    60206   17.83   35.63      0    54536   19.69   39.34      0
   0:   2147483648     536870912     float     sum      -1   268526    8.00   15.98      0   194469   11.04   22.06      0
   0:   4294967296    1073741824     float     sum      -1   128868   33.33   66.59      0   126867   33.85   67.64      0
   0:            8             2     float     sum      -1    107.8    0.00    0.00      0    104.2    0.00    0.00      0
   0:           16             4     float     sum      -1    105.4    0.00    0.00      0    103.9    0.00    0.00      0
   0:           32             8     float     sum      -1    109.6    0.00    0.00      0    104.0    0.00    0.00      0
   0:           64            16     float     sum      -1    113.5    0.00    0.00      0    112.3    0.00    0.00      0
   0:          128            32     float     sum      -1    118.1    0.00    0.00      0    115.5    0.00    0.00      0
   0:          256            64     float     sum      -1    125.4    0.00    0.00      0    116.7    0.00    0.00      0
   0:          512           128     float     sum      -1    134.1    0.00    0.01      0    121.2    0.00    0.01      0
   0:         1024           256     float     sum      -1    137.1    0.01    0.01      0    135.3    0.01    0.02      0
   0:         2048           512     float     sum      -1    146.8    0.01    0.03      0    145.3    0.01    0.03      0
   0:         4096          1024     float     sum      -1    256.2    0.02    0.03      0    258.9    0.02    0.03      0
   0:         8192          2048     float     sum      -1    260.4    0.03    0.06      0    256.7    0.03    0.06      0
   0:        16384          4096     float     sum      -1    314.1    0.05    0.10      0    307.6    0.05    0.11      0
   0:        32768          8192     float     sum      -1    308.4    0.11    0.21      0    314.0    0.10    0.21      0
   0:        65536         16384     float     sum      -1    421.4    0.16    0.31      0    416.1    0.16    0.31      0
   0:       131072         32768     float     sum      -1    579.7    0.23    0.45      0    574.9    0.23    0.46      0
   0:       262144         65536     float     sum      -1    720.1    0.36    0.73      0    725.8    0.36    0.72      0
   0:       524288        131072     float     sum      -1    853.8    0.61    1.23      0    860.1    0.61    1.22      0
   0:      1048576        262144     float     sum      -1   1209.5    0.87    1.73      0   1254.6    0.84    1.67      0
   0:      2097152        524288     float     sum      -1   1921.9    1.09    2.18      0   1850.6    1.13    2.26      0
   0:      4194304       1048576     float     sum      -1   3263.7    1.29    2.57      0   3154.4    1.33    2.66      0
   0:      8388608       2097152     float     sum      -1   3082.3    2.72    5.44      0   3020.1    2.78    5.55      0
   0:     16777216       4194304     float     sum      -1   3461.4    4.85    9.68      0   3571.6    4.70    9.39      0
   0:     33554432       8388608     float     sum      -1   4069.0    8.25   16.48      0   4001.0    8.39   16.76      0
   0:     67108864      16777216     float     sum      -1   5391.1   12.45   24.87      0   5489.4   12.23   24.43      0
   0:    134217728      33554432     float     sum      -1   8378.9   16.02   32.01      0   8136.6   16.50   32.96      0
   0:    268435456      67108864     float     sum      -1    13078   20.53   41.01      0    12900   20.81   41.58      0
   0:    536870912     134217728     float     sum      -1    24424   21.98   43.92      0    25403   21.13   42.23      0
   0:   1073741824     268435456     float     sum      -1   131783    8.15   16.28      0    50253   21.37   42.69      0
   0:   2147483648     536870912     float     sum      -1    96000   22.37   44.70      0   159325   13.48   26.93      0
   0:   4294967296    1073741824     float     sum      -1   103041   41.68   83.28      0   110357   38.92   77.76      0
   0:            8             2     float     sum      -1    106.0    0.00    0.00      0    109.1    0.00    0.00      0
   0:           16             4     float     sum      -1    106.0    0.00    0.00      0    104.3    0.00    0.00      0
   0:           32             8     float     sum      -1    104.5    0.00    0.00      0    104.4    0.00    0.00      0
   0:           64            16     float     sum      -1    112.8    0.00    0.00      0    113.3    0.00    0.00      0
   0:          128            32     float     sum      -1    117.0    0.00    0.00      0    116.0    0.00    0.00      0
   0:          256            64     float     sum      -1    125.6    0.00    0.00      0    116.6    0.00    0.00      0
   0:          512           128     float     sum      -1    127.9    0.00    0.01      0    128.1    0.00    0.01      0
   0:         1024           256     float     sum      -1    136.8    0.01    0.01      0    134.9    0.01    0.02      0
   0:         2048           512     float     sum      -1    146.9    0.01    0.03      0    146.0    0.01    0.03      0
   0:         4096          1024     float     sum      -1    256.0    0.02    0.03      0    255.5    0.02    0.03      0
   0:         8192          2048     float     sum      -1    258.2    0.03    0.06      0    258.4    0.03    0.06      0
   0:        16384          4096     float     sum      -1    286.7    0.06    0.11      0    281.3    0.06    0.12      0
   0:        32768          8192     float     sum      -1    304.7    0.11    0.21      0    309.5    0.11    0.21      0
   0:        65536         16384     float     sum      -1    419.8    0.16    0.31      0    403.0    0.16    0.32      0
   0:       131072         32768     float     sum      -1    553.4    0.24    0.47      0    509.4    0.26    0.51      0
   0:       262144         65536     float     sum      -1    742.6    0.35    0.71      0    705.9    0.37    0.74      0
   0:       524288        131072     float     sum      -1    794.7    0.66    1.32      0    785.8    0.67    1.33      0
   0:      1048576        262144     float     sum      -1    943.2    1.11    2.22      0    909.4    1.15    2.30      0
   0:      2097152        524288     float     sum      -1   1337.1    1.57    3.13      0   1332.0    1.57    3.15      0
   0:      4194304       1048576     float     sum      -1   2063.6    2.03    4.06      0   2101.7    2.00    3.99      0
   0:      8388608       2097152     float     sum      -1   2194.2    3.82    7.64      0   2206.7    3.80    7.60      0
   0:     16777216       4194304     float     sum      -1   2471.2    6.79   13.56      0   2384.9    7.03   14.06      0
   0:     33554432       8388608     float     sum      -1   3127.5   10.73   21.44      0   3233.8   10.38   20.73      0
   0:     67108864      16777216     float     sum      -1   3844.1   17.46   34.88      0   4185.1   16.04   32.04      0
   0:    134217728      33554432     float     sum      -1   5759.8   23.30   46.56      0   6499.4   20.65   41.26      0
   0:    268435456      67108864     float     sum      -1   9624.5   27.89   55.73      0   9627.2   27.88   55.71      0
   0:    536870912     134217728     float     sum      -1    16248   33.04   66.02      0    16096   33.35   66.64      0
   0:   1073741824     268435456     float     sum      -1    41013   26.18   52.31      0    45410   23.65   47.24      0
   0:   2147483648     536870912     float     sum      -1    95446   22.50   44.96      0    96668   22.21   44.39      0
   0:   4294967296    1073741824     float     sum      -1   105539   40.70   81.31      0   103768   41.39   82.70      0
   0:            8             2     float     sum      -1    106.5    0.00    0.00      0    103.8    0.00    0.00      0
   0:           16             4     float     sum      -1    104.6    0.00    0.00      0    104.7    0.00    0.00      0
   0:           32             8     float     sum      -1    103.9    0.00    0.00      0    103.6    0.00    0.00      0
   0:           64            16     float     sum      -1    113.4    0.00    0.00      0    113.1    0.00    0.00      0
   0:          128            32     float     sum      -1    116.4    0.00    0.00      0    115.1    0.00    0.00      0
   0:          256            64     float     sum      -1    126.5    0.00    0.00      0    117.0    0.00    0.00      0
   0:          512           128     float     sum      -1    124.2    0.00    0.01      0    121.3    0.00    0.01      0
   0:         1024           256     float     sum      -1    136.8    0.01    0.01      0    135.6    0.01    0.02      0
   0:         2048           512     float     sum      -1    146.7    0.01    0.03      0    145.5    0.01    0.03      0
   0:         4096          1024     float     sum      -1    255.3    0.02    0.03      0    253.1    0.02    0.03      0
   0:         8192          2048     float     sum      -1    258.3    0.03    0.06      0    258.0    0.03    0.06      0
   0:        16384          4096     float     sum      -1    277.1    0.06    0.12      0    270.0    0.06    0.12      0
   0:        32768          8192     float     sum      -1    320.9    0.10    0.20      0    302.5    0.11    0.22      0
   0:        65536         16384     float     sum      -1    421.6    0.16    0.31      0    405.3    0.16    0.32      0
   0:       131072         32768     float     sum      -1    560.4    0.23    0.47      0    549.6    0.24    0.48      0
   0:       262144         65536     float     sum      -1    737.0    0.36    0.71      0    746.3    0.35    0.70      0
   0:       524288        131072     float     sum      -1    821.5    0.64    1.28      0    779.8    0.67    1.34      0
   0:      1048576        262144     float     sum      -1    960.4    1.09    2.18      0   1786.3    0.59    1.17      0
   0:      2097152        524288     float     sum      -1   1351.1    1.55    3.10      0   1398.6    1.50    3.00      0
   0:      4194304       1048576     float     sum      -1   2331.3    1.80    3.59      0   2480.8    1.69    3.38      0
   0:      8388608       2097152     float     sum      -1   2689.6    3.12    6.23      0   2299.2    3.65    7.29      0
   0:     16777216       4194304     float     sum      -1   2669.0    6.29   12.56      0   2953.2    5.68   11.35      0
   0:     33554432       8388608     float     sum      -1   3069.7   10.93   21.84      0   3567.8    9.40   18.79      0
   0:     67108864      16777216     float     sum      -1   4892.2   13.72   27.41      0   4236.5   15.84   31.65      0
   0:    134217728      33554432     float     sum      -1   7493.7   17.91   35.79      0   7371.1   18.21   36.38      0
   0:    268435456      67108864     float     sum      -1    12904   20.80   41.57      0    12261   21.89   43.74      0
   0:    536870912     134217728     float     sum      -1    21345   25.15   50.25      0    22428   23.94   47.83      0
   0:   1073741824     268435456     float     sum      -1    46910   22.89   45.73      0    45460   23.62   47.19      0
   0:   2147483648     536870912     float     sum      -1   144753   14.84   29.64      0   199786   10.75   21.48      0
   0:   4294967296    1073741824     float     sum      -1   106155   40.46   80.84      0   102843   41.76   83.44      0
   0:            8             2     float     sum      -1    106.4    0.00    0.00      0    104.4    0.00    0.00      0
   0:           16             4     float     sum      -1    110.3    0.00    0.00      0    105.1    0.00    0.00      0
   0:           32             8     float     sum      -1    104.2    0.00    0.00      0    103.8    0.00    0.00      0
   0:           64            16     float     sum      -1    113.3    0.00    0.00      0    113.8    0.00    0.00      0
   0:          128            32     float     sum      -1    117.4    0.00    0.00      0    116.8    0.00    0.00      0
   0:          256            64     float     sum      -1    125.6    0.00    0.00      0    117.0    0.00    0.00      0
   0:          512           128     float     sum      -1    124.3    0.00    0.01      0    121.8    0.00    0.01      0
   0:         1024           256     float     sum      -1    137.4    0.01    0.01      0    134.7    0.01    0.02      0
   0:         2048           512     float     sum      -1    147.8    0.01    0.03      0    145.1    0.01    0.03      0
   0:         4096          1024     float     sum      -1    256.4    0.02    0.03      0    252.2    0.02    0.03      0
   0:         8192          2048     float     sum      -1    283.9    0.03    0.06      0    257.9    0.03    0.06      0
   0:        16384          4096     float     sum      -1    278.6    0.06    0.12      0    278.0    0.06    0.12      0
   0:        32768          8192     float     sum      -1    284.9    0.12    0.23      0    309.5    0.11    0.21      0
   0:        65536         16384     float     sum      -1    368.0    0.18    0.36      0    380.5    0.17    0.34      0
   0:       131072         32768     float     sum      -1    506.7    0.26    0.52      0    510.6    0.26    0.51      0
   0:       262144         65536     float     sum      -1    668.8    0.39    0.78      0    685.7    0.38    0.76      0
   0:       524288        131072     float     sum      -1    744.0    0.70    1.41      0    747.3    0.70    1.40      0
   0:      1048576        262144     float     sum      -1    809.6    1.30    2.59      0    870.3    1.20    2.41      0
   0:      2097152        524288     float     sum      -1   1300.8    1.61    3.22      0   1299.5    1.61    3.22      0
   0:      4194304       1048576     float     sum      -1   2055.7    2.04    4.08      0   1955.2    2.15    4.29      0
   0:      8388608       2097152     float     sum      -1   2196.2    3.82    7.63      0   2774.5    3.02    6.04      0
   0:     16777216       4194304     float     sum      -1   2542.0    6.60   13.19      0   2223.6    7.54   15.08      0
   0:     33554432       8388608     float     sum      -1   2917.1   11.50   22.98      0   2842.9   11.80   23.58      0
   0:     67108864      16777216     float     sum      -1   3874.8   17.32   34.60      0   3721.3   18.03   36.03      0
   0:    134217728      33554432     float     sum      -1   5896.0   22.76   45.48      0   5902.5   22.74   45.43      0
   0:    268435456      67108864     float     sum      -1   9121.4   29.43   58.80      0   9773.7   27.47   54.88      0
   0:    536870912     134217728     float     sum      -1    15866   33.84   67.61      0    15885   33.80   67.53      0
   0:   1073741824     268435456     float     sum      -1    29523   36.37   72.67      0    82177   13.07   26.11      0
   0:   2147483648     536870912     float     sum      -1   219695    9.77   19.53      0    57876   37.10   74.14      0
   0:   4294967296    1073741824     float     sum      -1   101192   42.44   84.80      0    99725   43.07   86.05      0
   0:            8             2     float     sum      -1    106.2    0.00    0.00      0    103.8    0.00    0.00      0
   0:           16             4     float     sum      -1    104.0    0.00    0.00      0    105.8    0.00    0.00      0
   0:           32             8     float     sum      -1    105.7    0.00    0.00      0    104.4    0.00    0.00      0
   0:           64            16     float     sum      -1    114.0    0.00    0.00      0    113.4    0.00    0.00      0
   0:          128            32     float     sum      -1    117.0    0.00    0.00      0    115.6    0.00    0.00      0
   0:          256            64     float     sum      -1    125.8    0.00    0.00      0    126.2    0.00    0.00      0
   0:          512           128     float     sum      -1    126.1    0.00    0.01      0    126.9    0.00    0.01      0
   0:         1024           256     float     sum      -1    137.7    0.01    0.01      0    136.5    0.01    0.01      0
   0:         2048           512     float     sum      -1    147.0    0.01    0.03      0    145.5    0.01    0.03      0
   0:         4096          1024     float     sum      -1    256.3    0.02    0.03      0    255.1    0.02    0.03      0
   0:         8192          2048     float     sum      -1    259.2    0.03    0.06      0    257.6    0.03    0.06      0
   0:        16384          4096     float     sum      -1    266.7    0.06    0.12      0    266.5    0.06    0.12      0
   0:        32768          8192     float     sum      -1    285.7    0.11    0.23      0    283.9    0.12    0.23      0
   0:        65536         16384     float     sum      -1    348.4    0.19    0.38      0    339.1    0.19    0.39      0
   0:       131072         32768     float     sum      -1    509.2    0.26    0.51      0    484.0    0.27    0.54      0
   0:       262144         65536     float     sum      -1    656.5    0.40    0.80      0    604.2    0.43    0.87      0
   0:       524288        131072     float     sum      -1    714.9    0.73    1.47      0    721.9    0.73    1.45      0
   0:      1048576        262144     float     sum      -1    706.4    1.48    2.97      0    707.2    1.48    2.96      0
   0:      2097152        524288     float     sum      -1   1152.7    1.82    3.64      0   1169.4    1.79    3.58      0
   0:      4194304       1048576     float     sum      -1   1803.8    2.33    4.65      0   1910.5    2.20    4.39      0
   0:      8388608       2097152     float     sum      -1   1890.0    4.44    8.87      0   1881.0    4.46    8.91      0
   0:     16777216       4194304     float     sum      -1   2106.5    7.96   15.91      0   2182.5    7.69   15.36      0
   0:     33554432       8388608     float     sum      -1   2859.6   11.73   23.44      0   2790.7   12.02   24.02      0
   0:     67108864      16777216     float     sum      -1   4241.7   15.82   31.61      0   3699.5   18.14   36.24      0
   0:    134217728      33554432     float     sum      -1   5779.6   23.22   46.40      0   5702.9   23.53   47.02      0
   0:    268435456      67108864     float     sum      -1   9175.5   29.26   58.45      0   9069.2   29.60   59.14      0
   0:    536870912     134217728     float     sum      -1    15912   33.74   67.41      0    15873   33.82   67.58      0
   0:   1073741824     268435456     float     sum      -1    29720   36.13   72.19      0    28973   37.06   74.05      0
   0:   2147483648     536870912     float     sum      -1   131921   16.28   32.53      0    57528   37.33   74.59      0
   0:   4294967296    1073741824     float     sum      -1    99949   42.97   85.86      0   100227   42.85   85.62      0
   0:            8             2     float     sum      -1    106.7    0.00    0.00      0    105.8    0.00    0.00      0
   0:           16             4     float     sum      -1    104.7    0.00    0.00      0    104.9    0.00    0.00      0
   0:           32             8     float     sum      -1    104.6    0.00    0.00      0    108.7    0.00    0.00      0
   0:           64            16     float     sum      -1    114.1    0.00    0.00      0    119.4    0.00    0.00      0
   0:          128            32     float     sum      -1    117.8    0.00    0.00      0    115.8    0.00    0.00      0
   0:          256            64     float     sum      -1    126.5    0.00    0.00      0    117.3    0.00    0.00      0
   0:          512           128     float     sum      -1    126.2    0.00    0.01      0    121.5    0.00    0.01      0
   0:         1024           256     float     sum      -1    137.2    0.01    0.01      0    135.4    0.01    0.02      0
   0:         2048           512     float     sum      -1    147.2    0.01    0.03      0    145.7    0.01    0.03      0
   0:         4096          1024     float     sum      -1    256.2    0.02    0.03      0    262.9    0.02    0.03      0
   0:         8192          2048     float     sum      -1    260.1    0.03    0.06      0    255.6    0.03    0.06      0
   0:        16384          4096     float     sum      -1    261.7    0.06    0.13      0    260.6    0.06    0.13      0
   0:        32768          8192     float     sum      -1    273.9    0.12    0.24      0    271.9    0.12    0.24      0
   0:        65536         16384     float     sum      -1    349.9    0.19    0.37      0    340.5    0.19    0.38      0
   0:       131072         32768     float     sum      -1    482.3    0.27    0.54      0    466.4    0.28    0.56      0
   0:       262144         65536     float     sum      -1    683.1    0.38    0.77      0    656.7    0.40    0.80      0
   0:       524288        131072     float     sum      -1    682.4    0.77    1.54      0    735.3    0.71    1.42      0
   0:      1048576        262144     float     sum      -1    747.9    1.40    2.80      0    723.2    1.45    2.90      0
   0:      2097152        524288     float     sum      -1   1110.9    1.89    3.77      0   1091.2    1.92    3.84      0
   0:      4194304       1048576     float     sum      -1   1819.0    2.31    4.61      0   1898.4    2.21    4.41      0
   0:      8388608       2097152     float     sum      -1   2053.9    4.08    8.16      0   1870.4    4.48    8.96      0
   0:     16777216       4194304     float     sum      -1   2207.2    7.60   15.19      0   2296.6    7.31   14.60      0
   0:     33554432       8388608     float     sum      -1   2685.1   12.50   24.97      0   2588.7   12.96   25.90      0
   0:     67108864      16777216     float     sum      -1   3700.9   18.13   36.23      0   3706.0   18.11   36.18      0
   0:    134217728      33554432     float     sum      -1   5325.9   25.20   50.35      0   5724.2   23.45   46.85      0
   0:    268435456      67108864     float     sum      -1   9235.1   29.07   58.08      0   9027.8   29.73   59.41      0
   0:    536870912     134217728     float     sum      -1    15897   33.77   67.48      0    15948   33.66   67.26      0
   0:   1073741824     268435456     float     sum      -1    29434   36.48   72.89      0    29507   36.39   72.71      0
   0:   2147483648     536870912     float     sum      -1   123060   17.45   34.87      0    57468   37.37   74.66      0
   0:   4294967296    1073741824     float     sum      -1    99426   43.20   86.31      0   100074   42.92   85.75      0
   0:            8             2     float     sum      -1    106.5    0.00    0.00      0    108.4    0.00    0.00      0
   0:           16             4     float     sum      -1    103.4    0.00    0.00      0    103.4    0.00    0.00      0
   0:           32             8     float     sum      -1    104.7    0.00    0.00      0    103.5    0.00    0.00      0
   0:           64            16     float     sum      -1    113.3    0.00    0.00      0    112.3    0.00    0.00      0
   0:          128            32     float     sum      -1    116.1    0.00    0.00      0    115.0    0.00    0.00      0
   0:          256            64     float     sum      -1    125.0    0.00    0.00      0    117.4    0.00    0.00      0
   0:          512           128     float     sum      -1    124.0    0.00    0.01      0    120.9    0.00    0.01      0
   0:         1024           256     float     sum      -1    137.3    0.01    0.01      0    135.3    0.01    0.02      0
   0:         2048           512     float     sum      -1    147.3    0.01    0.03      0    149.1    0.01    0.03      0
   0:         4096          1024     float     sum      -1    256.3    0.02    0.03      0    255.0    0.02    0.03      0
   0:         8192          2048     float     sum      -1    258.0    0.03    0.06      0    255.2    0.03    0.06      0
   0:        16384          4096     float     sum      -1    260.3    0.06    0.13      0    267.7    0.06    0.12      0
   0:        32768          8192     float     sum      -1    281.3    0.12    0.23      0    276.7    0.12    0.24      0
   0:        65536         16384     float     sum      -1    323.8    0.20    0.40      0    321.2    0.20    0.41      0
   0:       131072         32768     float     sum      -1    468.8    0.28    0.56      0    470.6    0.28    0.56      0
   0:       262144         65536     float     sum      -1    671.4    0.39    0.78      0    653.9    0.40    0.80      0
   0:       524288        131072     float     sum      -1    742.7    0.71    1.41      0    764.7    0.69    1.37      0
   0:      1048576        262144     float     sum      -1    717.8    1.46    2.92      0    689.9    1.52    3.04      0
   0:      2097152        524288     float     sum      -1   1181.9    1.77    3.55      0   1094.1    1.92    3.83      0
   0:      4194304       1048576     float     sum      -1   1880.6    2.23    4.46      0   1843.5    2.28    4.55      0
   0:      8388608       2097152     float     sum      -1   2088.3    4.02    8.03      0   1954.9    4.29    8.57      0
   0:     16777216       4194304     float     sum      -1   2317.0    7.24   14.47      0   2376.2    7.06   14.11      0
   0:     33554432       8388608     float     sum      -1   2712.9   12.37   24.71      0   2918.9   11.50   22.97      0
   0:     67108864      16777216     float     sum      -1   3935.2   17.05   34.07      0   4352.1   15.42   30.81      0
   0:    134217728      33554432     float     sum      -1   7102.6   18.90   37.76      0   7283.4   18.43   36.82      0
   0:    268435456      67108864     float     sum      -1    11743   22.86   45.67      0    11949   22.46   44.89      0
   0:    536870912     134217728     float     sum      -1    21209   25.31   50.58      0    21527   24.94   49.83      0
   0:   1073741824     268435456     float     sum      -1    44589   24.08   48.11      0    45671   23.51   46.97      0
   0:   2147483648     536870912     float     sum      -1    90185   23.81   47.58      0    87257   24.61   49.17      0
   0:   4294967296    1073741824     float     sum      -1   101614   42.27   84.45      0   105864   40.57   81.06      0
   0:            8             2     float     sum      -1    106.4    0.00    0.00      0    103.9    0.00    0.00      0
   0:           16             4     float     sum      -1    105.3    0.00    0.00      0    103.7    0.00    0.00      0
   0:           32             8     float     sum      -1    104.5    0.00    0.00      0    104.2    0.00    0.00      0
   0:           64            16     float     sum      -1    113.4    0.00    0.00      0    113.1    0.00    0.00      0
   0:          128            32     float     sum      -1    117.6    0.00    0.00      0    115.9    0.00    0.00      0
   0:          256            64     float     sum      -1    125.5    0.00    0.00      0    117.0    0.00    0.00      0
   0:          512           128     float     sum      -1    124.7    0.00    0.01      0    120.4    0.00    0.01      0
   0:         1024           256     float     sum      -1    136.1    0.01    0.02      0    143.1    0.01    0.01      0
   0:         2048           512     float     sum      -1    146.4    0.01    0.03      0    145.4    0.01    0.03      0
   0:         4096          1024     float     sum      -1    257.0    0.02    0.03      0    253.4    0.02    0.03      0
   0:         8192          2048     float     sum      -1    259.3    0.03    0.06      0    258.7    0.03    0.06      0
   0:        16384          4096     float     sum      -1    261.6    0.06    0.13      0    261.4    0.06    0.13      0
   0:        32768          8192     float     sum      -1    277.3    0.12    0.24      0    272.9    0.12    0.24      0
   0:        65536         16384     float     sum      -1    328.0    0.20    0.40      0    331.3    0.20    0.40      0
   0:       131072         32768     float     sum      -1    486.3    0.27    0.54      0    483.8    0.27    0.54      0
   0:       262144         65536     float     sum      -1    602.6    0.44    0.87      0    631.3    0.42    0.83      0
   0:       524288        131072     float     sum      -1    804.0    0.65    1.30      0    838.5    0.63    1.25      0
   0:      1048576        262144     float     sum      -1    802.6    1.31    2.61      0    825.9    1.27    2.54      0
   0:      2097152        524288     float     sum      -1   1482.2    1.41    2.83      0   1364.9    1.54    3.07      0
   0:      4194304       1048576     float     sum      -1   2266.0    1.85    3.70      0   2020.4    2.08    4.15      0
   0:      8388608       2097152     float     sum      -1   2402.3    3.49    6.98      0   2557.5    3.28    6.55      0
   0:     16777216       4194304     float     sum      -1   2780.3    6.03   12.06      0   2731.6    6.14   12.27      0
   0:     33554432       8388608     float     sum      -1   3013.0   11.14   22.25      0   3132.9   10.71   21.40      0
   0:     67108864      16777216     float     sum      -1   4584.2   14.64   29.25      0   4879.0   13.75   27.48      0
   0:    134217728      33554432     float     sum      -1   7220.1   18.59   37.14      0   6886.2   19.49   38.94      0
   0:    268435456      67108864     float     sum      -1    11406   23.53   47.02      0    11647   23.05   46.05      0
   0:    536870912     134217728     float     sum      -1    21691   24.75   49.45      0    22368   24.00   47.96      0
   0:   1073741824     268435456     float     sum      -1    44947   23.89   47.73      0    45801   23.44   46.84      0
   0:   2147483648     536870912     float     sum      -1    93277   23.02   46.00      0    90389   23.76   47.47      0
   0:   4294967296    1073741824     float     sum      -1   109656   39.17   78.26      0   106452   40.35   80.61      0
   0:            8             2     float     sum      -1    106.4    0.00    0.00      0    103.6    0.00    0.00      0
   0:           16             4     float     sum      -1    104.1    0.00    0.00      0    104.3    0.00    0.00      0
   0:           32             8     float     sum      -1    103.4    0.00    0.00      0    152.2    0.00    0.00      0
   0:           64            16     float     sum      -1    114.9    0.00    0.00      0    113.2    0.00    0.00      0
   0:          128            32     float     sum      -1    117.5    0.00    0.00      0    116.2    0.00    0.00      0
   0:          256            64     float     sum      -1    126.0    0.00    0.00      0    116.7    0.00    0.00      0
   0:          512           128     float     sum      -1    123.4    0.00    0.01      0    122.7    0.00    0.01      0
   0:         1024           256     float     sum      -1    169.6    0.01    0.01      0    135.5    0.01    0.02      0
   0:         2048           512     float     sum      -1    147.4    0.01    0.03      0    144.5    0.01    0.03      0
   0:         4096          1024     float     sum      -1    256.3    0.02    0.03      0    257.7    0.02    0.03      0
   0:         8192          2048     float     sum      -1    260.0    0.03    0.06      0    256.1    0.03    0.06      0
   0:        16384          4096     float     sum      -1    261.9    0.06    0.12      0    260.2    0.06    0.13      0
   0:        32768          8192     float     sum      -1    274.5    0.12    0.24      0    295.2    0.11    0.22      0
   0:        65536         16384     float     sum      -1    336.9    0.19    0.39      0    360.6    0.18    0.36      0
   0:       131072         32768     float     sum      -1    468.6    0.28    0.56      0    473.4    0.28    0.55      0
   0:       262144         65536     float     sum      -1    624.6    0.42    0.84      0    601.9    0.44    0.87      0
   0:       524288        131072     float     sum      -1    811.1    0.65    1.29      0    777.3    0.67    1.35      0
   0:      1048576        262144     float     sum      -1    867.1    1.21    2.42      0    978.6    1.07    2.14      0
   0:      2097152        524288     float     sum      -1   1563.1    1.34    2.68      0   1376.2    1.52    3.04      0
   0:      4194304       1048576     float     sum      -1   2538.2    1.65    3.30      0   2722.5    1.54    3.08      0
   0:      8388608       2097152     float     sum      -1   2660.5    3.15    6.30      0   2512.2    3.34    6.67      0
   0:     16777216       4194304     float     sum      -1   2760.4    6.08   12.14      0   2822.4    5.94   11.88      0
   0:     33554432       8388608     float     sum      -1   3610.3    9.29   18.57      0   3324.4   10.09   20.17      0
   0:     67108864      16777216     float     sum      -1   4940.1   13.58   27.14      0   4538.8   14.79   29.54      0
   0:    134217728      33554432     float     sum      -1   7186.8   18.68   37.31      0   7086.3   18.94   37.84      0
   0:    268435456      67108864     float     sum      -1    11083   24.22   48.39      0    11433   23.48   46.91      0
   0:    536870912     134217728     float     sum      -1    22165   24.22   48.40      0    22484   23.88   47.71      0
   0:   1073741824     268435456     float     sum      -1    46406   23.14   46.23      0    46341   23.17   46.30      0
   0:   2147483648     536870912     float     sum      -1   166313   12.91   25.80      0    57809   37.15   74.22      0
   0:   4294967296    1073741824     float     sum      -1    92579   46.39   92.69      0    92585   46.39   92.69      0
   0: # Out of bounds values : 0 OK
   0: # Avg bus bandwidth    : 13.3762 
   0: #
   0: 
